{
  "lastModify": "2024-11-21T17:51:37.422Z",
  "files": [
    {
      "ShortPath": "l2/aimActionAddIca.html",
      "versionRef": "2d930229b9aa955b52fe0c45dfac80376c15078f",
      "Length": 44
    },
    {
      "ShortPath": "l2/aimActionAddIca.ts",
      "versionRef": "5927b60fc3f0115a70079f6720bf614cd625fb2f",
      "Length": 21059
    },
    {
      "ShortPath": "l2/aimActionBase.html",
      "versionRef": "bcd2e728bffe9f97380fe0498bf65f59db5e9dcf",
      "Length": 30
    },
    {
      "ShortPath": "l2/aimActionBase.ts",
      "versionRef": "916e6d0cc8f1a6a4682fef6a154c6ee1a43da58b",
      "Length": 12318
    },
    {
      "ShortPath": "l2/aimActionStyleNew.html",
      "versionRef": "96e4a0617a0cc4c489c9d4f2acff0ee4fc448f9e",
      "Length": 34
    },
    {
      "ShortPath": "l2/aimActionStyleNew.ts",
      "versionRef": "17bb17df0e1372808ca9686ad407e2289ab5df86",
      "Length": 10728
    },
    {
      "ShortPath": "l2/aimActionTokensNew.html",
      "versionRef": "06c52617da9433ec43512afe99859911d7552d69",
      "Length": 35
    },
    {
      "ShortPath": "l2/aimActionTokensNew.ts",
      "versionRef": "385351b863c52a0cbb8c1fdcf0e214edbec87847",
      "Length": 7011
    },
    {
      "ShortPath": "l2/aimActionTypescriptSpell.html",
      "versionRef": "51e01e4532ee1bc1c5468c3c3e9a5e8fb6162c0a",
      "Length": 41
    },
    {
      "ShortPath": "l2/aimActionTypescriptSpell.ts",
      "versionRef": "6092b2f29d7bf9d6d30688dc577d10834c2d7df5",
      "Length": 6723
    },
    {
      "ShortPath": "l2/aimActionUpdateLit.html",
      "versionRef": "4d8df2daa4d03db6c62216db3f8d427da8019e44",
      "Length": 35
    },
    {
      "ShortPath": "l2/aimActionUpdateLit.ts",
      "versionRef": "41af479b6afc8d834b0e248c38d7720a37cb1461",
      "Length": 5885
    },
    {
      "ShortPath": "l2/aimActionVerifyInternationalization.html",
      "versionRef": "13a5a76b52c5a057af259d540255ec96c19e0ad4",
      "Length": 52
    },
    {
      "ShortPath": "l2/aimActionVerifyInternationalization.ts",
      "versionRef": "9cc6508780a578c54687250103422cb2af188098",
      "Length": 6324
    },
    {
      "ShortPath": "l2/aimBase.html",
      "versionRef": "b593898269b87e73c912527700fe17576767bc05",
      "Length": 24
    },
    {
      "ShortPath": "l2/aimBase.ts",
      "versionRef": "fa91aa6181b6fad78176876193ca5b114e6623f1",
      "Length": 12985
    },
    {
      "ShortPath": "l2/aimHelper.html",
      "versionRef": "fe6add58443317503cfe5877bba3d6a7892f3789",
      "Length": 26
    },
    {
      "ShortPath": "l2/aimHelper.ts",
      "versionRef": "ccee50ccff720f2a7a5995548d69a92d5a5a2bff",
      "Length": 4547
    },
    {
      "ShortPath": "l2/aimSelectLanguage.html",
      "versionRef": "97750cf923e98ffadec8d9f934b4226c0020ed29",
      "Length": 57
    },
    {
      "ShortPath": "l2/aimSelectLanguage.ts",
      "versionRef": "0de3cd6c62d5902cb59be3479e79dd314425f782",
      "Length": 4187
    },
    {
      "ShortPath": "l2/aimSelectWidget.html",
      "versionRef": "34ec6dc686ba45bf5ccfa54be1ab754b6254aac7",
      "Length": 53
    },
    {
      "ShortPath": "l2/aimSelectWidget.ts",
      "versionRef": "11c899deb4f2e9da85c51e194e3536f9d9b3ac39",
      "Length": 4231
    },
    {
      "ShortPath": "l2/aimTaskBase.html",
      "versionRef": "eeabbd14f8d038f0b032149514d3ee2fe9f17543",
      "Length": 28
    },
    {
      "ShortPath": "l2/aimTaskBase.ts",
      "versionRef": "4d1493910f0383a1c13f2c5cafa62609d5a05a3b",
      "Length": 5088
    },
    {
      "ShortPath": "l2/aimTaskDsStyles.html",
      "versionRef": "a7050af76cd7edf29ef96b99c0c7e2650af7cf39",
      "Length": 32
    },
    {
      "ShortPath": "l2/aimTaskDsStyles.ts",
      "versionRef": "584a6ffdf2cffe4a740a82a4250a728c972e586d",
      "Length": 1697
    },
    {
      "ShortPath": "l2/aimTaskDsTokens.html",
      "versionRef": "2f05e2426efa93e07e9c7dc462652d1241545749",
      "Length": 32
    },
    {
      "ShortPath": "l2/aimTaskDsTokens.ts",
      "versionRef": "0a156bb7fa23af0e81c1da730f31f0a4192c9070",
      "Length": 1567
    },
    {
      "ShortPath": "l2/aimTaskExecLLM.html",
      "versionRef": "1892afdaf9802c9fd78019c946f27df96644afc2",
      "Length": 31
    },
    {
      "ShortPath": "l2/aimTaskExecLLM.ts",
      "versionRef": "9f182f4cda26b7c6751f67349e5cc9feba1fb648",
      "Length": 1593
    },
    {
      "ShortPath": "l2/aimTaskGetSourceLanguageTypescript.html",
      "versionRef": "0c3963c7a2a05f178f54cc23d7acc69e1ec1547e",
      "Length": 51
    },
    {
      "ShortPath": "l2/aimTaskGetSourceLanguageTypescript.ts",
      "versionRef": "d1234f6e2f5a43d5931c53a87ccf4c8d8f4ca6ce",
      "Length": 3434
    },
    {
      "ShortPath": "l2/aimTaskPrepareIcaSource.html",
      "versionRef": "7aedec62de23675ace22ff615f99d5fcd216e39d",
      "Length": 40
    },
    {
      "ShortPath": "l2/aimTaskPrepareIcaSource.ts",
      "versionRef": "e2829e11412b5139489b0ce5f68d525b3e7285d5",
      "Length": 3756
    },
    {
      "ShortPath": "l2/aimTaskResultAddIca.html",
      "versionRef": "926f20ae202b0c4d403fd34d8f15f6d78d6e229d",
      "Length": 36
    },
    {
      "ShortPath": "l2/aimTaskResultAddIca.ts",
      "versionRef": "f4af440314a193e56a90aade18e600736921f441",
      "Length": 9718
    },
    {
      "ShortPath": "l2/aimTaskResultAddIcaPrompt.html",
      "versionRef": "1ec771edda02c1970e5c6ba113bbb0416260f0bb",
      "Length": 42
    },
    {
      "ShortPath": "l2/aimTaskResultAddIcaPrompt.ts",
      "versionRef": "3cc3bfac79e05162721f2fc85f5f3d49c60cbd68",
      "Length": 5733
    },
    {
      "ShortPath": "l2/aimTaskResultCode.html",
      "versionRef": "3e7918d65aa275b94e1f0362736a18fbb3f664b9",
      "Length": 34
    },
    {
      "ShortPath": "l2/aimTaskResultCode.ts",
      "versionRef": "754eb847ae0f1939a796da3f8213c5847b276d34",
      "Length": 2465
    },
    {
      "ShortPath": "l2/aimTaskResultLess.html",
      "versionRef": "f4444912e43258405fd8a70ca46097167576f8e8",
      "Length": 34
    },
    {
      "ShortPath": "l2/aimTaskResultLess.ts",
      "versionRef": "0a6945cdc26952f0fca2c9dda10df48052a2bca6",
      "Length": 6509
    },
    {
      "ShortPath": "l2/aimTaskResultTable.html",
      "versionRef": "52ceb61ff5a84e617345a55e586cfb5e776de080",
      "Length": 35
    },
    {
      "ShortPath": "l2/aimTaskResultTable.ts",
      "versionRef": "0b436a8f21a0c971c0e116e075ded3be5a598359",
      "Length": 2179
    },
    {
      "ShortPath": "l2/aimTaskResultTokens.html",
      "versionRef": "4b36a4f5233b1f494b34ed88307247bf864adfd2",
      "Length": 36
    },
    {
      "ShortPath": "l2/aimTaskResultTokens.ts",
      "versionRef": "74940fb9a92e24ae96a9f9eb37dc8843e2d29428",
      "Length": 4551
    },
    {
      "ShortPath": "l2/aimTaskTSSource.html",
      "versionRef": "bbcad2ccee2fa56cad9dec02c19f0cb1c777c261",
      "Length": 32
    },
    {
      "ShortPath": "l2/aimTaskTSSource.ts",
      "versionRef": "8b1e3f174f34d031ea144348eaac9c5e6dab2042",
      "Length": 2278
    },
    {
      "ShortPath": "l2/ateste.html",
      "versionRef": "5228d9cc302ea6a3bee9acd4695dc4077f8e8f2f",
      "Length": 50
    },
    {
      "ShortPath": "l2/ateste.ts",
      "versionRef": "835150b0e391e052ebcf1938e239c95879c56671",
      "Length": 638
    },
    {
      "ShortPath": "l2/codeLensLit.html",
      "versionRef": "0d40a87aa3128f24dac888ecdd5dbd316135dc51",
      "Length": 28
    },
    {
      "ShortPath": "l2/codeLensLit.ts",
      "versionRef": "029f0719765ac4be9c99f9a3930859f42cd0ab7b",
      "Length": 3905
    },
    {
      "ShortPath": "l2/codelensComponentDetails.html",
      "versionRef": "39764f6f77eda3e5047c6521792db8db22308084",
      "Length": 71
    },
    {
      "ShortPath": "l2/codelensComponentDetails.ts",
      "versionRef": "d117caac1bca673aa155875375692d717c604005",
      "Length": 2269
    },
    {
      "ShortPath": "l2/codelensCustomElement.html",
      "versionRef": "4ac6abe3ad94c00200624cab56732ab9c0322453",
      "Length": 65
    },
    {
      "ShortPath": "l2/codelensCustomElement.ts",
      "versionRef": "55847b791d9e55080fca1c47d637b0f9369fe5a2",
      "Length": 3777
    },
    {
      "ShortPath": "l2/codelensServiceDetails.html",
      "versionRef": "f47b71145cd8c6fa264bcab663dbc741555b5051",
      "Length": 67
    },
    {
      "ShortPath": "l2/codelensServiceDetails.ts",
      "versionRef": "b4518c0ddfb9393eaa2034d8f7cac568e6b9af84",
      "Length": 7301
    },
    {
      "ShortPath": "l2/collabConfigService.html",
      "versionRef": "55340304ccd34b48efe890d8ae42387981eb21d9",
      "Length": 61
    },
    {
      "ShortPath": "l2/collabConfigService.ts",
      "versionRef": "90e8291906b2977ce3a3e4d77186837976e09922",
      "Length": 14950
    },
    {
      "ShortPath": "l2/collabDsInputRange.html",
      "versionRef": "c96b00de03163aeac546bbd5af31d5107c51e2f9",
      "Length": 74
    },
    {
      "ShortPath": "l2/collabDsInputRange.ts",
      "versionRef": "3e3b985615aa7c1fdd9a5e42303efeaea31fa457",
      "Length": 3734
    },
    {
      "ShortPath": "l2/collabDsInputSelectColor.html",
      "versionRef": "0a2583943fc5537371b489da09ca9e059bdd807c",
      "Length": 137
    },
    {
      "ShortPath": "l2/collabDsInputSelectColor.ts",
      "versionRef": "c911a0adbde50ead7008f225a8c645c1cf060a14",
      "Length": 5571
    },
    {
      "ShortPath": "l2/collabFcaTree.html",
      "versionRef": "a786e7327a19c7fc889c8983d7ef4ec67e4431ba",
      "Length": 30
    },
    {
      "ShortPath": "l2/collabFcaTree.ts",
      "versionRef": "740300d717970ce5eeb9e041e03d21d7cfe398e1",
      "Length": 19899
    },
    {
      "ShortPath": "l2/collabIcons.html",
      "versionRef": "cf1483bfa006879a32331015e24df2e2538bfc09",
      "Length": 28
    },
    {
      "ShortPath": "l2/collabIcons.ts",
      "versionRef": "7297c7ee5ccaa4b10d15faf0408572d4bfa116ad",
      "Length": 29771
    },
    {
      "ShortPath": "l2/collabInputTag.html",
      "versionRef": "d210cdacc17d61f8b2088d5b1c07db3e42eb2091",
      "Length": 64
    },
    {
      "ShortPath": "l2/collabInputTag.ts",
      "versionRef": "b5cab297b649321d4c1404b7454e2c1a3203fedf",
      "Length": 3335
    },
    {
      "ShortPath": "l2/collabLanguages.html",
      "versionRef": "5e494a0fb155d810b4632718aee101c834023b9c",
      "Length": 32
    },
    {
      "ShortPath": "l2/collabLanguages.ts",
      "versionRef": "b64aed68080d40f4f4f8f0458b195c0dd8e98f6c",
      "Length": 6736
    },
    {
      "ShortPath": "l2/collabLitElement.html",
      "versionRef": "c5526dd74b09899cceabdc3df0409aaf607ffeca",
      "Length": 33
    },
    {
      "ShortPath": "l2/collabLitElement.ts",
      "versionRef": "836199ca39c148cb1b1229cff31bc791e67c2909",
      "Length": 3348
    },
    {
      "ShortPath": "l2/collabShowCodeDiff.html",
      "versionRef": "a40a57b35f1ac53b83be17fb1361901e47398612",
      "Length": 61
    },
    {
      "ShortPath": "l2/collabShowCodeDiff.ts",
      "versionRef": "4eb025da0691ca65ace52896c72eef35474bbcd8",
      "Length": 11355
    },
    {
      "ShortPath": "l2/collabShowCodeSnippet.html",
      "versionRef": "8d909f75e7350161892c9cb227c811c491fb5759",
      "Length": 86
    },
    {
      "ShortPath": "l2/collabShowCodeSnippet.ts",
      "versionRef": "16538af81010de360ba0dae0dff80169adae9468",
      "Length": 7532
    },
    {
      "ShortPath": "l2/collabState.html",
      "versionRef": "c5963c9379302c9dc7a8b17275a632ee1292d8c4",
      "Length": 28
    },
    {
      "ShortPath": "l2/collabState.ts",
      "versionRef": "203b9bfa4b7930e14d099390c33e5ebcdddae605",
      "Length": 2550
    },
    {
      "ShortPath": "l2/collabStateTestCount.html",
      "versionRef": "a55f08b3825b803bdcabf98f9a99abb176fdb3d0",
      "Length": 103
    },
    {
      "ShortPath": "l2/collabStateTestCount.ts",
      "versionRef": "97f06c0dc7f9ec8923d160afaf4b38f7a303149d",
      "Length": 1178
    },
    {
      "ShortPath": "l2/collabStateTestCount2.html",
      "versionRef": "3db5cedf6893cd86470ea7c15c6f9f5fc2b233c1",
      "Length": 211
    },
    {
      "ShortPath": "l2/collabStateTestCount2.ts",
      "versionRef": "cc792e44d162b583f35a148fb813a976cd15dc70",
      "Length": 1219
    },
    {
      "ShortPath": "l2/collabStore.html",
      "versionRef": "45ac0361eadde606170f15cfc28a7515baeb639c",
      "Length": 28
    },
    {
      "ShortPath": "l2/collabStore.ts",
      "versionRef": "169c83ef63c31b1a33bab14b59b885a5915111a2",
      "Length": 216
    },
    {
      "ShortPath": "l2/dependenciesLit.ts",
      "versionRef": "d3d88da712887f6e3bf063c662fa433c2f48d47f",
      "Length": 2661
    },
    {
      "ShortPath": "l2/editorQuill.html",
      "versionRef": "39b4cb027afa0a138704abb84f46543795052237",
      "Length": 28
    },
    {
      "ShortPath": "l2/editorQuill.ts",
      "versionRef": "8446887c3fab18652a82ec29e6161010cffd98ad",
      "Length": 52103
    },
    {
      "ShortPath": "l2/editorQuillDocs.html",
      "versionRef": "e65d40ce2f2dcb9069a25ffacbe80315fafacc02",
      "Length": 53
    },
    {
      "ShortPath": "l2/editorQuillDocs.ts",
      "versionRef": "94bde4351b184d76191e290f925022e624ed73c7",
      "Length": 57112
    },
    {
      "ShortPath": "l2/enhancementLit.html",
      "versionRef": "89b9da6e2ba112d37bd70e6ce144ed32dad05c7c",
      "Length": 31
    },
    {
      "ShortPath": "l2/enhancementLit.ts",
      "versionRef": "e25b03c3c5f0f0cc0308c96ae4f2b3fc36be5d30",
      "Length": 4508
    },
    {
      "ShortPath": "l2/enhancementLitService.html",
      "versionRef": "f99b7cdc9696d963e7f68fc41e94e7a86180cbb1",
      "Length": 38
    },
    {
      "ShortPath": "l2/enhancementLitService.ts",
      "versionRef": "9eb755021f3b0f51a92145094df25c8ce57539d9",
      "Length": 4571
    },
    {
      "ShortPath": "l2/enhancementPage.html",
      "versionRef": "ea18e8ce04ce5d693c38ca6d6f13d87ec62c11d2",
      "Length": 32
    },
    {
      "ShortPath": "l2/enhancementPage.ts",
      "versionRef": "990f94634c93f52a15f8ef2bcd5d645c6d6aad12",
      "Length": 1722
    },
    {
      "ShortPath": "l2/icaApresentationTextText.html",
      "versionRef": "795822f7687cea80d24edff8030b63ebfd2eba2e",
      "Length": 41
    },
    {
      "ShortPath": "l2/icaApresentationTextText.ts",
      "versionRef": "ae5646cec7e523bc7edbc6c3162cea1e02541cbe",
      "Length": 1706
    },
    {
      "ShortPath": "l2/icaApresentationTextTextBase.html",
      "versionRef": "e4e2f4c40d5c9857dc2f2f543de467e96230a6bc",
      "Length": 45
    },
    {
      "ShortPath": "l2/icaApresentationTextTextBase.ts",
      "versionRef": "50b1b6efa2187030d339ff1872cd4ddd10599a0f",
      "Length": 275
    },
    {
      "ShortPath": "l2/icaBase.html",
      "versionRef": "f441f382908222124f8bbec973b0930fc81808da",
      "Length": 24
    },
    {
      "ShortPath": "l2/icaBase.ts",
      "versionRef": "9b09118926ee03bde8d4c3ec3f6f7a61a2d058a0",
      "Length": 286
    },
    {
      "ShortPath": "l2/icaBaseDescription.html",
      "versionRef": "7e0731cf8e04558ab09bfcf6cfd0647e757ee953",
      "Length": 35
    },
    {
      "ShortPath": "l2/icaBaseDescription.ts",
      "versionRef": "c003f9ede57e53941d1067b425c0b853a5d5bad9",
      "Length": 48273
    },
    {
      "ShortPath": "l2/icaCollabStore.html",
      "versionRef": "05e8db5a69f4347c5094427951b43febc181cc04",
      "Length": 31
    },
    {
      "ShortPath": "l2/icaCollabStore.ts",
      "versionRef": "603b4e987ca1cf9ab97cd2e88d1a3dda24de7d17",
      "Length": 154
    },
    {
      "ShortPath": "l2/icaDecorators.html",
      "versionRef": "4f08d368143b7f1d7cd5bb535b0680e8eb7a400f",
      "Length": 30
    },
    {
      "ShortPath": "l2/icaDecorators.ts",
      "versionRef": "0ef99fc00cf9feec7cac12e004802d3b4489b0b3",
      "Length": 6275
    },
    {
      "ShortPath": "l2/icaDeepLinking.html",
      "versionRef": "64e490ac017285397ee4d139f065ba7326367a00",
      "Length": 52
    },
    {
      "ShortPath": "l2/icaDeepLinking.ts",
      "versionRef": "336127f02c0990cb0d12cde1e0c3bbe026f51904",
      "Length": 5931
    },
    {
      "ShortPath": "l2/icaFormsInputNumber.html",
      "versionRef": "014f905ceb7ea9af656f3bd0455200c07f9a2ceb",
      "Length": 36
    },
    {
      "ShortPath": "l2/icaFormsInputNumber.ts",
      "versionRef": "7405f8c7505372b56596228441b342abcf6b2ea1",
      "Length": 1371
    },
    {
      "ShortPath": "l2/icaFormsInputNumberBase.html",
      "versionRef": "e603084357cebe5273f73cda4fdc314b382e7ceb",
      "Length": 40
    },
    {
      "ShortPath": "l2/icaFormsInputNumberBase.ts",
      "versionRef": "b45dd5546d3f4e2d990b376ad688f1f9484ed04b",
      "Length": 1260
    },
    {
      "ShortPath": "l2/icaFormsInputSelectOne.html",
      "versionRef": "9e314204406d7b2b6150c1b10099fbd9f87aac1a",
      "Length": 39
    },
    {
      "ShortPath": "l2/icaFormsInputSelectOne.ts",
      "versionRef": "9e1b58c146f371e58f13b7284630fff4fc75986f",
      "Length": 653
    },
    {
      "ShortPath": "l2/icaFormsInputString.html",
      "versionRef": "c890101f4c0822f02db184c33f893152d4eb8b07",
      "Length": 36
    },
    {
      "ShortPath": "l2/icaFormsInputString.ts",
      "versionRef": "c8587c33fbafa9a844947e1256d66f0abd39a0a7",
      "Length": 1729
    },
    {
      "ShortPath": "l2/icaGlobal.html",
      "versionRef": "b51305082f6f092f54d05893cb84a1ef4a94f576",
      "Length": 26
    },
    {
      "ShortPath": "l2/icaGlobal.ts",
      "versionRef": "69dac650bc554c551330335dca0a683d6ce6448d",
      "Length": 1209
    },
    {
      "ShortPath": "l2/icaLayoutFlowColumn.html",
      "versionRef": "0fa847638f9ca12ddb16fba88badb517ca94dfc0",
      "Length": 36
    },
    {
      "ShortPath": "l2/icaLayoutFlowColumn.ts",
      "versionRef": "1050e2c31b06a3ccbd7980b65361d5d00a63ab9c",
      "Length": 2199
    },
    {
      "ShortPath": "l2/icaLayoutFlowColumnBase.html",
      "versionRef": "463c0d857dca84d5f670e31a4471a4c370fa0a21",
      "Length": 40
    },
    {
      "ShortPath": "l2/icaLayoutFlowColumnBase.ts",
      "versionRef": "33ae238198c4c6b5ae67d42caa754469d4532a0c",
      "Length": 253
    },
    {
      "ShortPath": "l2/icaLayoutFlowRow.html",
      "versionRef": "90e1106913cb41c6621cc4b87b524721999e1108",
      "Length": 33
    },
    {
      "ShortPath": "l2/icaLayoutFlowRow.ts",
      "versionRef": "b8becaea8eb9fc47e9b7d5766fe0dab85d6a5257",
      "Length": 2612
    },
    {
      "ShortPath": "l2/icaLayoutFlowRowBase.html",
      "versionRef": "1751371eac08ae95b23cc091c85b7402553ada20",
      "Length": 37
    },
    {
      "ShortPath": "l2/icaLayoutFlowRowBase.ts",
      "versionRef": "5e9b890f950cb8aa6a14ce121e4d8ab7956a3fb5",
      "Length": 332
    },
    {
      "ShortPath": "l2/icaLitElement.html",
      "versionRef": "bd2188f356909622307211cfeab32a380c3989a7",
      "Length": 30
    },
    {
      "ShortPath": "l2/icaLitElement.ts",
      "versionRef": "01447dfa0afe940c04b1409fcbcf6cf1e051c0ce",
      "Length": 1634
    },
    {
      "ShortPath": "l2/icaLitElementBase.html",
      "versionRef": "cbfc06e26a05642648a24d23db6ee3d57c25dda6",
      "Length": 34
    },
    {
      "ShortPath": "l2/icaLitElementBase.ts",
      "versionRef": "c51a08e58e24ce305e66810afa862d3e86ffb966",
      "Length": 13050
    },
    {
      "ShortPath": "l2/icaSelectGroup.html",
      "versionRef": "7ac369a98a7ad0d38d6334a2ef2c93b50912495d",
      "Length": 51
    },
    {
      "ShortPath": "l2/icaSelectGroup.ts",
      "versionRef": "0a70d4291c59520fe87d6052ed0d92bac4f7c981",
      "Length": 7217
    },
    {
      "ShortPath": "l2/icaState.html",
      "versionRef": "3926b149205f981a90bc4cc54c6e682686b3485f",
      "Length": 25
    },
    {
      "ShortPath": "l2/icaState.ts",
      "versionRef": "b515ad95234eb95f4d55074bd4d8bb9a35022788",
      "Length": 4045
    },
    {
      "ShortPath": "l2/icaTestPage.html",
      "versionRef": "47d755535c49f3d6efb715d31f3ca5516dc44290",
      "Length": 2107
    },
    {
      "ShortPath": "l2/icaTestPage.ts",
      "versionRef": "257840039800a2281ac9941cac61ae8b9169f4c9",
      "Length": 969
    },
    {
      "ShortPath": "l2/icaTesteWcComp.html",
      "versionRef": "bfe23160e0995da2f9be624bffdc6401bf897f66",
      "Length": 31
    },
    {
      "ShortPath": "l2/jsDocLib.ts",
      "versionRef": "95e0a971517d79730537a6a548eb586ae7ce1af7",
      "Length": 14538
    },
    {
      "ShortPath": "l2/libCompile.html",
      "versionRef": "9a908a06a6f1d872bd443338bdaefce17a3b1d5d",
      "Length": 27
    },
    {
      "ShortPath": "l2/libCompile.ts",
      "versionRef": "b7c052d3497f5a3404c155bbb75d42f3a1c21f54",
      "Length": 10164
    },
    {
      "ShortPath": "l2/libFileManager.html",
      "versionRef": "1e5f301cce1a0a9efa299bf329e99e478c3b94e8",
      "Length": 31
    },
    {
      "ShortPath": "l2/libFileManager.ts",
      "versionRef": "59bc882edd93c17d90068e0654194e74cc2aa796",
      "Length": 19292
    },
    {
      "ShortPath": "l2/litClassMap.ts",
      "versionRef": "aa22651b5633d92d16755ef0f1c39fe02eac052d",
      "Length": 3707
    },
    {
      "ShortPath": "l2/litCssTag.ts",
      "versionRef": "d57c3553a098e18633729fc359dae2cbd5c7a642",
      "Length": 6429
    },
    {
      "ShortPath": "l2/litDecorators.ts",
      "versionRef": "bc87d948d3a839574870ba5e2f074ca661afe210",
      "Length": 15499
    },
    {
      "ShortPath": "l2/litDirectives.ts",
      "versionRef": "15fa82ecc9cd72a519828926011c2675d3a9036d",
      "Length": 3733
    },
    {
      "ShortPath": "l2/litDirectivesHelper.ts",
      "versionRef": "3e5619f5f570e26bf37d15e703a85f01e4ec8d4c",
      "Length": 8009
    },
    {
      "ShortPath": "l2/litElement.ts",
      "versionRef": "496594cf9daef462c040638ae7946a7af8eb0bfe",
      "Length": 11117
    },
    {
      "ShortPath": "l2/litHtml.ts",
      "versionRef": "6e380c3f6317b787b24475af3a42ebc7bfb14589",
      "Length": 78381
    },
    {
      "ShortPath": "l2/litIfDefined.ts",
      "versionRef": "6041670c085d2232876c2d36d8c51c6a5d3c6db1",
      "Length": 461
    },
    {
      "ShortPath": "l2/litLive.ts",
      "versionRef": "159fc0d81430163eaae12bff4ba1697b4d90d172",
      "Length": 3209
    },
    {
      "ShortPath": "l2/litReactiveController.ts",
      "versionRef": "32106ae2d0e95549f44b5852e63d67c25498dcdd",
      "Length": 2891
    },
    {
      "ShortPath": "l2/litReactiveElement.ts",
      "versionRef": "a03e129b388a9f94c71bb432cb5aa6fb0975bdb1",
      "Length": 54861
    },
    {
      "ShortPath": "l2/litStyleMap.ts",
      "versionRef": "5f60c0e84e5321fd41fb63d3a0a1bc8143e039f6",
      "Length": 5279
    },
    {
      "ShortPath": "l2/litWhen.ts",
      "versionRef": "b0d096cc738587157f6ece6ba999f68b620d4144",
      "Length": 1122
    },
    {
      "ShortPath": "l2/mlsHistoryList.html",
      "versionRef": "332fad11eb8856990b642d2aab13b9ac003beaae",
      "Length": 83
    },
    {
      "ShortPath": "l2/mlsHistoryList.ts",
      "versionRef": "3636cdee44dbda86321faa8e10c6326e88a21604",
      "Length": 12329
    },
    {
      "ShortPath": "l2/processCssLit.html",
      "versionRef": "1c08a2769adb4603e5a5bf12646ba1f1f16f3ddc",
      "Length": 30
    },
    {
      "ShortPath": "l2/processCssLit.ts",
      "versionRef": "d555a4e29c42173bc1aa6982c4598c2f9d051ce3",
      "Length": 1788
    },
    {
      "ShortPath": "l2/propiertiesLit.html",
      "versionRef": "b1e7293b5aa6a574131ebfac71c956c9679aa516",
      "Length": 31
    },
    {
      "ShortPath": "l2/propiertiesLit.ts",
      "versionRef": "d1720e0a643cda284c85523d844f6e503b5fcf09",
      "Length": 8156
    },
    {
      "ShortPath": "l2/serviceAim.html",
      "versionRef": "80b37118e2326586b801f3e47a6c72e06da1f71a",
      "Length": 52
    },
    {
      "ShortPath": "l2/serviceAim.ts",
      "versionRef": "a3774cb351488f50ebe09db1b9b2c26a0db06238",
      "Length": 18572
    },
    {
      "ShortPath": "l2/serviceBase.html",
      "versionRef": "1a4ef530df46415516da0c75daf3c00ff09e4b83",
      "Length": 28
    },
    {
      "ShortPath": "l2/serviceBase.ts",
      "versionRef": "699fad6493cc2e70d896171875bd87f69da8f51d",
      "Length": 9196
    },
    {
      "ShortPath": "l2/serviceDetailsDs.html",
      "versionRef": "d5ee3db14aee5d8927c85d7a03fbe4490cc6c482",
      "Length": 55
    },
    {
      "ShortPath": "l2/serviceDetailsDs.ts",
      "versionRef": "71bf8bff51cec01c7db7fe2365b802d0908c8423",
      "Length": 9845
    },
    {
      "ShortPath": "l2/serviceDsAssets.html",
      "versionRef": "8c2d92b2158b54e589242d7d584138e90ad89707",
      "Length": 53
    },
    {
      "ShortPath": "l2/serviceDsAssets.ts",
      "versionRef": "09be125ca1579dc94997f3d4b6a1a92593740c80",
      "Length": 20018
    },
    {
      "ShortPath": "l2/serviceDsAssetsEditor.html",
      "versionRef": "30160732d571e24a223e205664f0b47a76286d85",
      "Length": 38
    },
    {
      "ShortPath": "l2/serviceDsAssetsEditor.ts",
      "versionRef": "205fe8273bc9df4648e59a817b2c968e0e90c5bb",
      "Length": 6685
    },
    {
      "ShortPath": "l2/serviceDsAssetsImage.html",
      "versionRef": "5fa1fa5cf04a02545fdd2ebabd8b4bc248aa6f08",
      "Length": 37
    },
    {
      "ShortPath": "l2/serviceDsAssetsImage.ts",
      "versionRef": "812ccb539bc007e1587b74871e647b364b3e6ea5",
      "Length": 4395
    },
    {
      "ShortPath": "l2/serviceDsAssetsOverview.html",
      "versionRef": "eec96f190036f4816006e6ddde78326c9a6ea8d4",
      "Length": 40
    },
    {
      "ShortPath": "l2/serviceDsAssetsOverview.ts",
      "versionRef": "c3d5fa9dee46bcb6cb361c1b47bbd4bf87d133b3",
      "Length": 9193
    },
    {
      "ShortPath": "l2/serviceDsAssetsVideo.html",
      "versionRef": "d47359219d658393a422b59bf6b10289e7d31085",
      "Length": 37
    },
    {
      "ShortPath": "l2/serviceDsAssetsVideo.ts",
      "versionRef": "5600e99ac1030e209875b469c22641f0fd7d2f08",
      "Length": 4228
    },
    {
      "ShortPath": "l2/serviceDsColors.html",
      "versionRef": "f4ebcab45485c6c04df857eb696a6697369fb4ac",
      "Length": 53
    },
    {
      "ShortPath": "l2/serviceDsColors.ts",
      "versionRef": "cd82a5967b6474c2e7fac86d44d78eec6d1016ff",
      "Length": 26511
    },
    {
      "ShortPath": "l2/serviceDsComponentDetails.html",
      "versionRef": "7bdea2f761a9f2fe6d2817aab7fdcb1b6f71ecaa",
      "Length": 42
    },
    {
      "ShortPath": "l2/serviceDsComponentDetails.ts",
      "versionRef": "7a4576e00f538fc995b8e22bc41064d6989f6b66",
      "Length": 7066
    },
    {
      "ShortPath": "l2/serviceDsComponentsList.html",
      "versionRef": "e43f8f5156b8e2b7dd6f5cc38e344994268b07de",
      "Length": 71
    },
    {
      "ShortPath": "l2/serviceDsComponentsList.ts",
      "versionRef": "d3db40e1c540e4efd9cc559749f03c9e52d75446",
      "Length": 8238
    },
    {
      "ShortPath": "l2/serviceDsDocList.html",
      "versionRef": "d6a560d0514cb784343f95e57be8d7262165ac9e",
      "Length": 57
    },
    {
      "ShortPath": "l2/serviceDsDocList.ts",
      "versionRef": "62b3f9a268b7364b87065245251227c6224596bb",
      "Length": 10073
    },
    {
      "ShortPath": "l2/serviceDsDocView.html",
      "versionRef": "6d27fe4b629cd7d334988ebc0b7a3bc2301bd502",
      "Length": 33
    },
    {
      "ShortPath": "l2/serviceDsDocView.ts",
      "versionRef": "47c74203c931d5fc95677c93efb2da43c0c9fb03",
      "Length": 5791
    },
    {
      "ShortPath": "l2/serviceDsStyleBackground.html",
      "versionRef": "0904bcf6077c6f6c24601572d616fd3433e9984c",
      "Length": 73
    },
    {
      "ShortPath": "l2/serviceDsStyleBackground.ts",
      "versionRef": "6c3f8db68488df1b6b569e830ad00aca51bc5fe9",
      "Length": 22133
    },
    {
      "ShortPath": "l2/serviceDsStyleBorder.html",
      "versionRef": "9b5b09f097740d3e8df8927f302731c45570d3ae",
      "Length": 65
    },
    {
      "ShortPath": "l2/serviceDsStyleBorder.ts",
      "versionRef": "4d8245ccd911c440714b8867c0e803ec108b5bd2",
      "Length": 16369
    },
    {
      "ShortPath": "l2/serviceDsStyleClippath.html",
      "versionRef": "18411ade9986610a9a8f6fbb6577895d4b8fa7e6",
      "Length": 69
    },
    {
      "ShortPath": "l2/serviceDsStyleClippath.ts",
      "versionRef": "ab6da59ae7eb6e4b016b9079e438c00353bee8d3",
      "Length": 8928
    },
    {
      "ShortPath": "l2/serviceDsStyleColumn.html",
      "versionRef": "bea7cb1d3617ac238aedbc603b1dec01edca959b",
      "Length": 65
    },
    {
      "ShortPath": "l2/serviceDsStyleColumn.ts",
      "versionRef": "0a5870f79a6f42fd23627135aa74177412d42a25",
      "Length": 11914
    },
    {
      "ShortPath": "l2/serviceDsStyleFilter.html",
      "versionRef": "3c8f854e2eb9b52d6d19c5e721979bac309bf334",
      "Length": 65
    },
    {
      "ShortPath": "l2/serviceDsStyleFilter.ts",
      "versionRef": "ff74f815c7420f51f2e56d5445ef9785fbb01d01",
      "Length": 15186
    },
    {
      "ShortPath": "l2/serviceDsStyleFlex.html",
      "versionRef": "45f60270697c937e4a3b38350eb3c2d3c5512edb",
      "Length": 61
    },
    {
      "ShortPath": "l2/serviceDsStyleFlex.ts",
      "versionRef": "48aeaed1aa27fb4d8e0cf2630535175bfce1c1cf",
      "Length": 16113
    },
    {
      "ShortPath": "l2/serviceDsStyleSize.html",
      "versionRef": "8332d618ce3e09f1b1acdc35b2560bf821175096",
      "Length": 61
    },
    {
      "ShortPath": "l2/serviceDsStyleSize.ts",
      "versionRef": "3fb8f6f664ea0700dda35cbc0a18158358900849",
      "Length": 12615
    },
    {
      "ShortPath": "l2/serviceDsStyleSpacing.html",
      "versionRef": "f7089e9864e1f31b656e8a6cedc7299cc7b8e1db",
      "Length": 67
    },
    {
      "ShortPath": "l2/serviceDsStyleSpacing.ts",
      "versionRef": "ff32f815d65c3d06a0e2a33c7f500b072c36348e",
      "Length": 11472
    },
    {
      "ShortPath": "l2/serviceDsStyleTesxtshadow.html",
      "versionRef": "67a2ac609376d1909be135088479cc85953cad8d",
      "Length": 75
    },
    {
      "ShortPath": "l2/serviceDsStyleTesxtshadow.ts",
      "versionRef": "5e2fd88c2145f377e429611718af3ebd86680cc6",
      "Length": 11420
    },
    {
      "ShortPath": "l2/serviceDsStyleTransform.html",
      "versionRef": "7d338b339eec3d4e58f8d4beeca898e753e18786",
      "Length": 71
    },
    {
      "ShortPath": "l2/serviceDsStyleTransform.ts",
      "versionRef": "0a1fcc68cd12a8b4f465a0d1e7e4c8e45280cac1",
      "Length": 13859
    },
    {
      "ShortPath": "l2/serviceDsStyleTypography.html",
      "versionRef": "6310468ccaf045203638fa4f18fc7a2348b57dd7",
      "Length": 73
    },
    {
      "ShortPath": "l2/serviceDsStyleTypography.ts",
      "versionRef": "1671208eda5c4ec2d858822f8760bda2980c679b",
      "Length": 14027
    },
    {
      "ShortPath": "l2/serviceDsStyles.html",
      "versionRef": "fceae8701a54d110d01b20acaa8d02cca4ab7301",
      "Length": 32
    },
    {
      "ShortPath": "l2/serviceDsStyles.ts",
      "versionRef": "21f8bdce6c6430039b5324825cdc49b0bd097100",
      "Length": 53610
    },
    {
      "ShortPath": "l2/serviceDsTokens.html",
      "versionRef": "6ce101203b31922dad369c02291fe4b0942a9ccf",
      "Length": 32
    },
    {
      "ShortPath": "l2/serviceDsTokens.ts",
      "versionRef": "c305c042a27fd1ce63781b3054372ddf7416eac4",
      "Length": 19176
    },
    {
      "ShortPath": "l2/serviceEditProject.html",
      "versionRef": "9742c896cbdc4bfa02de654276f105146f63bb6a",
      "Length": 35
    },
    {
      "ShortPath": "l2/serviceEditProject.ts",
      "versionRef": "4c8c80e83cb7a007959fdb12e1b8bab020d972a0",
      "Length": 7943
    },
    {
      "ShortPath": "l2/serviceFca.html",
      "versionRef": "2c1308d3e71218d42a0720dc24330a644f3459ce",
      "Length": 41
    },
    {
      "ShortPath": "l2/serviceFca.ts",
      "versionRef": "71e6468552638f38cee591963728b596bf0df9bb",
      "Length": 4471
    },
    {
      "ShortPath": "l2/serviceHistories.html",
      "versionRef": "dc083544aa1a817b8d1eac45df5f534fe41f2c06",
      "Length": 130
    },
    {
      "ShortPath": "l2/serviceHistories.ts",
      "versionRef": "477c4c74f8cf75f8d96e83635f9f8f8e89414a60",
      "Length": 7324
    },
    {
      "ShortPath": "l2/serviceListFiles.html",
      "versionRef": "42a07fda7322a8cafb0f81b23f0b41ea5eb1e442",
      "Length": 65
    },
    {
      "ShortPath": "l2/serviceListFiles.ts",
      "versionRef": "036621d31897918788f3284dd69c4a572581e5ca",
      "Length": 28559
    },
    {
      "ShortPath": "l2/serviceListFilesAdd.html",
      "versionRef": "faaa7aa2a2237db10de6132aabe66f5633e11a63",
      "Length": 73
    },
    {
      "ShortPath": "l2/serviceListFilesAdd.ts",
      "versionRef": "924f4e779def2ad6b0cc5837de9239e6defdd86b",
      "Length": 17405
    },
    {
      "ShortPath": "l2/serviceNotification.html",
      "versionRef": "dbe819c3a4515823a63367b9c49382133e6697ed",
      "Length": 36
    },
    {
      "ShortPath": "l2/serviceNotification.ts",
      "versionRef": "5c93f580c8134d52829b94133b393aa49c3a20aa",
      "Length": 1632
    },
    {
      "ShortPath": "l2/servicePlugins.html",
      "versionRef": "0000f3cb2af9ed181ebd3acbae90735ecabe6d09",
      "Length": 49
    },
    {
      "ShortPath": "l2/servicePlugins.ts",
      "versionRef": "164498ad06c5f5ba4cc389e7bc0f6c1f634f34c5",
      "Length": 22533
    },
    {
      "ShortPath": "l2/servicePreview.html",
      "versionRef": "c1eb739e5e21a8475cac4e16aea0111b2e9da90d",
      "Length": 31
    },
    {
      "ShortPath": "l2/servicePreview.ts",
      "versionRef": "d3250117ff50caac88def7e9a9a72f40a990322d",
      "Length": 9911
    },
    {
      "ShortPath": "l2/servicePreviewAddStyle.html",
      "versionRef": "b8a284de007bd1c97c3fde00f2e7c20f217e30e2",
      "Length": 69
    },
    {
      "ShortPath": "l2/servicePreviewAddStyle.ts",
      "versionRef": "378143d4c710a0ff05197a31352b8af356630fc0",
      "Length": 7120
    },
    {
      "ShortPath": "l2/servicePreviewView.html",
      "versionRef": "6159b60673f6fec718a277e3c3479990a05692b6",
      "Length": 92
    },
    {
      "ShortPath": "l2/servicePreviewView.ts",
      "versionRef": "a8f3abe4367a28faa12692628fa2d4fd8ab1b949",
      "Length": 23564
    },
    {
      "ShortPath": "l2/serviceProjectDetails.html",
      "versionRef": "5267c9a00e5f11b4b84e7056fc1cd2555ffe2fff",
      "Length": 65
    },
    {
      "ShortPath": "l2/serviceProjectDetails.ts",
      "versionRef": "bb41888d6de21ca1e8f0880e175f61b5a12ab3c9",
      "Length": 5640
    },
    {
      "ShortPath": "l2/serviceResults.html",
      "versionRef": "3261f3cf9b56adf8152590b93b00237d1b3d7b84",
      "Length": 77
    },
    {
      "ShortPath": "l2/serviceResults.ts",
      "versionRef": "2ca760b25dc5f1b76018392c7035e21e987d52d0",
      "Length": 18699
    },
    {
      "ShortPath": "l2/serviceResultsDocs.html",
      "versionRef": "a5d2d3bb3d242d43a2a58dba93681ffc7d7747b3",
      "Length": 35
    },
    {
      "ShortPath": "l2/serviceResultsDocs.ts",
      "versionRef": "f9a1cc6b94c452177c1a06f17e9dc070945453d7",
      "Length": 3595
    },
    {
      "ShortPath": "l2/serviceSave.html",
      "versionRef": "0b47ec7d89ad7ff8cf591e47cb5a8ea59e30c6b1",
      "Length": 43
    },
    {
      "ShortPath": "l2/serviceSave.ts",
      "versionRef": "ad64141afac836314180405bbe4b4089ef0635a5",
      "Length": 22850
    },
    {
      "ShortPath": "l2/serviceSelectDs.html",
      "versionRef": "278befb2980fb82fe6d1955072659af25ea9fd1a",
      "Length": 53
    },
    {
      "ShortPath": "l2/serviceSelectDs.ts",
      "versionRef": "85eadf7f665fb689a0d85d3c3653a034758b3b9c",
      "Length": 13990
    },
    {
      "ShortPath": "l2/serviceSelectDsAdd.html",
      "versionRef": "d36d9cb261a0b43eaa78edae7fa74882c7a9f588",
      "Length": 35
    },
    {
      "ShortPath": "l2/serviceSelectDsAdd.ts",
      "versionRef": "b1eab124f64c8437f49b3d7b59cea1b00122d84e",
      "Length": 11394
    },
    {
      "ShortPath": "l2/serviceSource.html",
      "versionRef": "905cfe9fac11c001fac7cd18ad5307caa17ebf37",
      "Length": 30
    },
    {
      "ShortPath": "l2/serviceSource.ts",
      "versionRef": "c2f1edf55ad5240d7ac579a146b4df9243f34892",
      "Length": 63277
    },
    {
      "ShortPath": "l2/serviceUserSettings.html",
      "versionRef": "a3ef0ec38d5098eed31745d5f5f4ba71d39b9a0d",
      "Length": 61
    },
    {
      "ShortPath": "l2/serviceUserSettings.ts",
      "versionRef": "d355e61d4cbfc3f8f8c140fcf8feffd34d07a275",
      "Length": 4409
    },
    {
      "ShortPath": "l2/testePageIca.html",
      "versionRef": "8ecc1e9d8e78a8693fe906ddcbdaf6967e06a0ad",
      "Length": 1508
    },
    {
      "ShortPath": "l2/testePageIca.ts",
      "versionRef": "932e996a4e776378fd73b1459b2fefc2d2ddd6aa",
      "Length": 889
    },
    {
      "ShortPath": "l2/testeRename3.html",
      "versionRef": "8c1e11a0da2ee1ff7472c8093c5170f3630e95f9",
      "Length": 29
    },
    {
      "ShortPath": "l2/utilsLit.html",
      "versionRef": "d9f02a0ff651581240a8cbe9e36ea77b7ab153e9",
      "Length": 25
    },
    {
      "ShortPath": "l2/utilsLit.ts",
      "versionRef": "fe079c67f9ebfc1df568f6db9c68bb1b8b51a6d4",
      "Length": 824
    },
    {
      "ShortPath": "l2/validateLit.html",
      "versionRef": "ab3fcb10fcd41956532581158f5d9bdd8eb5b324",
      "Length": 28
    },
    {
      "ShortPath": "l2/validateLit.ts",
      "versionRef": "67d144c7d47fe5bbfb91a82d439800b293e87cd4",
      "Length": 5605
    },
    {
      "ShortPath": "l2/wcColumn.html",
      "versionRef": "4fb6d17190a3f5d1d8fb7352fc283f8e45279fa7",
      "Length": 25
    },
    {
      "ShortPath": "l2/wcColumn.ts",
      "versionRef": "9166e2ed84bf68b810a03a7b3a9a3e3a73653859",
      "Length": 554
    },
    {
      "ShortPath": "l2/wcInputColor.html",
      "versionRef": "1bb071f3cd11a977325c0da03e1cd86775fcdeec",
      "Length": 89
    },
    {
      "ShortPath": "l2/wcInputColor.ts",
      "versionRef": "d5fa36aea1059ea6565de72c1d77640c4fa31b23",
      "Length": 2382
    },
    {
      "ShortPath": "l2/wcInputDateRange.html",
      "versionRef": "35337c1b8760c8fb039c1dd63b2743a8f4d8aa00",
      "Length": 181
    },
    {
      "ShortPath": "l2/wcInputDateRange.ts",
      "versionRef": "f0e0a1eabb2a5fdc7e2e3e95c1505204701466a5",
      "Length": 4122
    },
    {
      "ShortPath": "l2/wcInputNumber.html",
      "versionRef": "36d55f636e8bff12e122c976c57a29fb6fb07178",
      "Length": 176
    },
    {
      "ShortPath": "l2/wcInputNumber.ts",
      "versionRef": "fd6abd5e5b2f89074d8298f8979bade956cbbc2d",
      "Length": 3611
    },
    {
      "ShortPath": "l2/wcInputNumberRange.html",
      "versionRef": "a6cf37d2c8fcd16ec6edd595380aab2a54632bc5",
      "Length": 135
    },
    {
      "ShortPath": "l2/wcInputNumberRange.ts",
      "versionRef": "15f5292d0fc53aa3366734ce4b1694c60e60f132",
      "Length": 4456
    },
    {
      "ShortPath": "l2/wcInputNumberWithButtons.html",
      "versionRef": "711df5f6298cc6b813d9c5330652c8f0c944a23b",
      "Length": 149
    },
    {
      "ShortPath": "l2/wcInputNumberWithButtons.ts",
      "versionRef": "79578b739bf1c0e781ac746da1f11c050f3fd317",
      "Length": 4897
    },
    {
      "ShortPath": "l2/wcInputText.html",
      "versionRef": "76221ee369299956d0d6aa4a0d95a4633d713a07",
      "Length": 116
    },
    {
      "ShortPath": "l2/wcInputText.ts",
      "versionRef": "5922b270b0bd9a14ba7cde1b4bca78c8bf7d403b",
      "Length": 3435
    },
    {
      "ShortPath": "l2/wcRow.html",
      "versionRef": "004e034278123b71b175fdf4e15f8380f5f8d476",
      "Length": 22
    },
    {
      "ShortPath": "l2/wcRow.ts",
      "versionRef": "2c41437cb4bec4a48f496da9f087bf0c96274865",
      "Length": 767
    },
    {
      "ShortPath": "l2/wcSelectOne.html",
      "versionRef": "1f9bf5bf2961bdc321cd7c68366a8385e7db26d0",
      "Length": 251
    },
    {
      "ShortPath": "l2/wcSelectOne.ts",
      "versionRef": "ef027abd6b8af84737699183be7191ebe9015fa0",
      "Length": 2214
    },
    {
      "ShortPath": "l2/wcdToolbox.html",
      "versionRef": "3870faaf1b032a57899e9a18b303f763b4551aec",
      "Length": 353
    },
    {
      "ShortPath": "l2/wcdToolbox.ts",
      "versionRef": "7d763b33ed3be6f64ee7da8397ea37f718700436",
      "Length": 26574
    },
    {
      "ShortPath": "l2/wcdToolboxItemActionEditQuill.html",
      "versionRef": "064d32fd1eba0089ae62c03fff925ff9cf6b96df",
      "Length": 142
    },
    {
      "ShortPath": "l2/wcdToolboxItemActionEditQuill.ts",
      "versionRef": "630964a886fe22a9e45bb8bbbacdd3df23b4193e",
      "Length": 56441
    },
    {
      "ShortPath": "l2/wcdToolboxItemActionGroup.html",
      "versionRef": "acc8bd40f4b32e6148927e6253189f47ab7b9866",
      "Length": 42
    },
    {
      "ShortPath": "l2/wcdToolboxItemActionGroup.ts",
      "versionRef": "26dcdbdbcae2af555c8cc104646df39afe26d129",
      "Length": 4850
    },
    {
      "ShortPath": "l2/wcdToolboxItemActionMargin.html",
      "versionRef": "8443e9f4e0de92c71aea2e6af373c0998bacf1f9",
      "Length": 43
    },
    {
      "ShortPath": "l2/wcdToolboxItemActionMargin.ts",
      "versionRef": "9a668617652ecb8e21c81f87caf95d07deab0795",
      "Length": 12691
    },
    {
      "ShortPath": "l2/wcdToolboxItemActionMenu.html",
      "versionRef": "8b137891791fe96927ad78e64b0aad7bded08bdc",
      "Length": 1
    },
    {
      "ShortPath": "l2/wcdToolboxItemActionMenu.ts",
      "versionRef": "c84379cec5bcc10adabed16604e7a1fa02c3ea15",
      "Length": 6038
    },
    {
      "ShortPath": "l2/wcdToolboxItemActionMove.html",
      "versionRef": "d675ee75e3c6e618e25e4ea38aac04864d4cd880",
      "Length": 1316
    },
    {
      "ShortPath": "l2/wcdToolboxItemActionMove.ts",
      "versionRef": "cef9124e0483867e36df490dba09c4689c5eb9fd",
      "Length": 11026
    },
    {
      "ShortPath": "l2/wcdToolboxItemActionPadding.html",
      "versionRef": "7902f0b338082baae6252bdbea4b6bd0a23c9145",
      "Length": 114
    },
    {
      "ShortPath": "l2/wcdToolboxItemActionPadding.ts",
      "versionRef": "946c2e08964b1dcc6256feeffc09aa174f7e57bb",
      "Length": 12958
    },
    {
      "ShortPath": "l2/wcdToolboxItemActionSize.html",
      "versionRef": "7902f0b338082baae6252bdbea4b6bd0a23c9145",
      "Length": 114
    },
    {
      "ShortPath": "l2/wcdToolboxItemActionSize.ts",
      "versionRef": "f0363a50007169f6549ccfb006552480f00151d3",
      "Length": 10378
    }
  ]
}