[
  {
    "ShortPath": "dist/l2/aimActionAddIca.js",
    "versionRef": "",
    "Length": 24753
  },
  {
    "ShortPath": "dist/l2/aimActionBase.js",
    "versionRef": "",
    "Length": 20273
  },
  {
    "ShortPath": "dist/l2/aimActionStyleNew.js",
    "versionRef": "",
    "Length": 13393
  },
  {
    "ShortPath": "dist/l2/aimActionTokensNew.js",
    "versionRef": "",
    "Length": 9830
  },
  {
    "ShortPath": "dist/l2/aimActionTypescriptSpell.js",
    "versionRef": "",
    "Length": 8620
  },
  {
    "ShortPath": "dist/l2/aimActionUpdateLit.js",
    "versionRef": "",
    "Length": 8277
  },
  {
    "ShortPath": "dist/l2/aimActionVerifyInternationalization.js",
    "versionRef": "",
    "Length": 8174
  },
  {
    "ShortPath": "dist/l2/aimBase.js",
    "versionRef": "",
    "Length": 28276
  },
  {
    "ShortPath": "dist/l2/aimHelper.js",
    "versionRef": "",
    "Length": 8230
  },
  {
    "ShortPath": "dist/l2/aimSelectLanguage.js",
    "versionRef": "",
    "Length": 8369
  },
  {
    "ShortPath": "dist/l2/aimSelectWidget.js",
    "versionRef": "",
    "Length": 8392
  },
  {
    "ShortPath": "dist/l2/aimTaskBase.js",
    "versionRef": "",
    "Length": 8380
  },
  {
    "ShortPath": "dist/l2/aimTaskDsStyles.js",
    "versionRef": "",
    "Length": 6150
  },
  {
    "ShortPath": "dist/l2/aimTaskDsTokens.js",
    "versionRef": "",
    "Length": 7157
  },
  {
    "ShortPath": "dist/l2/aimTaskExecLLM.js",
    "versionRef": "",
    "Length": 2919
  },
  {
    "ShortPath": "dist/l2/aimTaskGetSourceLanguageTypescript.js",
    "versionRef": "",
    "Length": 7488
  },
  {
    "ShortPath": "dist/l2/aimTaskPrepareIcaSource.js",
    "versionRef": "",
    "Length": 8711
  },
  {
    "ShortPath": "dist/l2/aimTaskResultAddIca.js",
    "versionRef": "",
    "Length": 18422
  },
  {
    "ShortPath": "dist/l2/aimTaskResultAddIcaPrompt.js",
    "versionRef": "",
    "Length": 9450
  },
  {
    "ShortPath": "dist/l2/aimTaskResultCode.js",
    "versionRef": "",
    "Length": 5159
  },
  {
    "ShortPath": "dist/l2/aimTaskResultLess.js",
    "versionRef": "",
    "Length": 13995
  },
  {
    "ShortPath": "dist/l2/aimTaskResultTable.js",
    "versionRef": "",
    "Length": 5104
  },
  {
    "ShortPath": "dist/l2/aimTaskResultTokens.js",
    "versionRef": "",
    "Length": 10241
  },
  {
    "ShortPath": "dist/l2/aimTaskTSSource.js",
    "versionRef": "",
    "Length": 8253
  },
  {
    "ShortPath": "dist/l2/ateste.js",
    "versionRef": "",
    "Length": 2905
  },
  {
    "ShortPath": "dist/l2/codeLensLit.js",
    "versionRef": "",
    "Length": 6877
  },
  {
    "ShortPath": "dist/l2/codelensComponentDetails.js",
    "versionRef": "",
    "Length": 4377
  },
  {
    "ShortPath": "dist/l2/codelensCustomElement.js",
    "versionRef": "",
    "Length": 6256
  },
  {
    "ShortPath": "dist/l2/codelensServiceDetails.js",
    "versionRef": "",
    "Length": 10134
  },
  {
    "ShortPath": "dist/l2/collabConfigService.js",
    "versionRef": "",
    "Length": 28080
  },
  {
    "ShortPath": "dist/l2/collabDsInputRange.js",
    "versionRef": "",
    "Length": 6888
  },
  {
    "ShortPath": "dist/l2/collabDsInputSelectColor.js",
    "versionRef": "",
    "Length": 9654
  },
  {
    "ShortPath": "dist/l2/collabFcaTree.js",
    "versionRef": "",
    "Length": 21428
  },
  {
    "ShortPath": "dist/l2/collabIcons.js",
    "versionRef": "",
    "Length": 30077
  },
  {
    "ShortPath": "dist/l2/collabInputTag.js",
    "versionRef": "",
    "Length": 6354
  },
  {
    "ShortPath": "dist/l2/collabLanguages.js",
    "versionRef": "",
    "Length": 6259
  },
  {
    "ShortPath": "dist/l2/collabLitElement.js",
    "versionRef": "",
    "Length": 4300
  },
  {
    "ShortPath": "dist/l2/collabShowCodeDiff.js",
    "versionRef": "",
    "Length": 21791
  },
  {
    "ShortPath": "dist/l2/collabShowCodeSnippet.js",
    "versionRef": "",
    "Length": 15022
  },
  {
    "ShortPath": "dist/l2/collabState.js",
    "versionRef": "",
    "Length": 2134
  },
  {
    "ShortPath": "dist/l2/collabStateTestCount.js",
    "versionRef": "",
    "Length": 4390
  },
  {
    "ShortPath": "dist/l2/collabStateTestCount2.js",
    "versionRef": "",
    "Length": 4459
  },
  {
    "ShortPath": "dist/l2/collabStore.js",
    "versionRef": "",
    "Length": 68
  },
  {
    "ShortPath": "dist/l2/dependenciesLit.js",
    "versionRef": "",
    "Length": 2056
  },
  {
    "ShortPath": "dist/l2/editorQuill.js",
    "versionRef": "",
    "Length": 103182
  },
  {
    "ShortPath": "dist/l2/editorQuillDocs.js",
    "versionRef": "",
    "Length": 111001
  },
  {
    "ShortPath": "dist/l2/enhancementLit.js",
    "versionRef": "",
    "Length": 7556
  },
  {
    "ShortPath": "dist/l2/enhancementLitService.js",
    "versionRef": "",
    "Length": 7389
  },
  {
    "ShortPath": "dist/l2/enhancementPage.js",
    "versionRef": "",
    "Length": 4450
  },
  {
    "ShortPath": "dist/l2/icaApresentationTextText.js",
    "versionRef": "",
    "Length": 6412
  },
  {
    "ShortPath": "dist/l2/icaApresentationTextTextBase.js",
    "versionRef": "",
    "Length": 1136
  },
  {
    "ShortPath": "dist/l2/icaBase.js",
    "versionRef": "",
    "Length": 0
  },
  {
    "ShortPath": "dist/l2/icaBaseDescription.js",
    "versionRef": "",
    "Length": 0
  },
  {
    "ShortPath": "dist/l2/icaCollabStore.js",
    "versionRef": "",
    "Length": 59
  },
  {
    "ShortPath": "dist/l2/icaDecorators.js",
    "versionRef": "",
    "Length": 4312
  },
  {
    "ShortPath": "dist/l2/icaDeepLinking.js",
    "versionRef": "",
    "Length": 12295
  },
  {
    "ShortPath": "dist/l2/icaFormsInputNumber.js",
    "versionRef": "",
    "Length": 5954
  },
  {
    "ShortPath": "dist/l2/icaFormsInputNumberBase.js",
    "versionRef": "",
    "Length": 1111
  },
  {
    "ShortPath": "dist/l2/icaFormsInputSelectOne.js",
    "versionRef": "",
    "Length": 1106
  },
  {
    "ShortPath": "dist/l2/icaFormsInputString.js",
    "versionRef": "",
    "Length": 1091
  },
  {
    "ShortPath": "dist/l2/icaGlobal.js",
    "versionRef": "",
    "Length": 164
  },
  {
    "ShortPath": "dist/l2/icaLayoutFlowColumn.js",
    "versionRef": "",
    "Length": 6785
  },
  {
    "ShortPath": "dist/l2/icaLayoutFlowColumnBase.js",
    "versionRef": "",
    "Length": 1111
  },
  {
    "ShortPath": "dist/l2/icaLayoutFlowRow.js",
    "versionRef": "",
    "Length": 7104
  },
  {
    "ShortPath": "dist/l2/icaLayoutFlowRowBase.js",
    "versionRef": "",
    "Length": 1096
  },
  {
    "ShortPath": "dist/l2/icaLitElement.js",
    "versionRef": "",
    "Length": 2392
  },
  {
    "ShortPath": "dist/l2/icaLitElementBase.js",
    "versionRef": "",
    "Length": 20395
  },
  {
    "ShortPath": "dist/l2/icaSelectGroup.js",
    "versionRef": "",
    "Length": 13422
  },
  {
    "ShortPath": "dist/l2/icaState.js",
    "versionRef": "",
    "Length": 2951
  },
  {
    "ShortPath": "dist/l2/icaTestPage.js",
    "versionRef": "",
    "Length": 2759
  },
  {
    "ShortPath": "dist/l2/jsDocLib.js",
    "versionRef": "",
    "Length": 10908
  },
  {
    "ShortPath": "dist/l2/libCompile.js",
    "versionRef": "",
    "Length": 16950
  },
  {
    "ShortPath": "dist/l2/libFileManager.js",
    "versionRef": "",
    "Length": 29005
  },
  {
    "ShortPath": "dist/l2/litClassMap.js",
    "versionRef": "",
    "Length": 3194
  },
  {
    "ShortPath": "dist/l2/litCssTag.js",
    "versionRef": "",
    "Length": 3769
  },
  {
    "ShortPath": "dist/l2/litDecorators.js",
    "versionRef": "",
    "Length": 8915
  },
  {
    "ShortPath": "dist/l2/litDirectives.js",
    "versionRef": "",
    "Length": 1508
  },
  {
    "ShortPath": "dist/l2/litDirectivesHelper.js",
    "versionRef": "",
    "Length": 3966
  },
  {
    "ShortPath": "dist/l2/litElement.js",
    "versionRef": "",
    "Length": 5327
  },
  {
    "ShortPath": "dist/l2/litHtml.js",
    "versionRef": "",
    "Length": 41609
  },
  {
    "ShortPath": "dist/l2/litIfDefined.js",
    "versionRef": "",
    "Length": 259
  },
  {
    "ShortPath": "dist/l2/litLive.js",
    "versionRef": "",
    "Length": 2518
  },
  {
    "ShortPath": "dist/l2/litReactiveController.js",
    "versionRef": "",
    "Length": 0
  },
  {
    "ShortPath": "dist/l2/litReactiveElement.js",
    "versionRef": "",
    "Length": 25603
  },
  {
    "ShortPath": "dist/l2/litStyleMap.js",
    "versionRef": "",
    "Length": 3391
  },
  {
    "ShortPath": "dist/l2/litWhen.js",
    "versionRef": "",
    "Length": 170
  },
  {
    "ShortPath": "dist/l2/mlsHistoryList.js",
    "versionRef": "",
    "Length": 20489
  },
  {
    "ShortPath": "dist/l2/processCssLit.js",
    "versionRef": "",
    "Length": 4949
  },
  {
    "ShortPath": "dist/l2/propiertiesLit.js",
    "versionRef": "",
    "Length": 7710
  },
  {
    "ShortPath": "dist/l2/serviceAim.js",
    "versionRef": "",
    "Length": 33314
  },
  {
    "ShortPath": "dist/l2/serviceBase.js",
    "versionRef": "",
    "Length": 9075
  },
  {
    "ShortPath": "dist/l2/serviceDetailsDs.js",
    "versionRef": "",
    "Length": 18471
  },
  {
    "ShortPath": "dist/l2/serviceDsAssets.js",
    "versionRef": "",
    "Length": 32866
  },
  {
    "ShortPath": "dist/l2/serviceDsAssetsEditor.js",
    "versionRef": "",
    "Length": 13073
  },
  {
    "ShortPath": "dist/l2/serviceDsAssetsImage.js",
    "versionRef": "",
    "Length": 10684
  },
  {
    "ShortPath": "dist/l2/serviceDsAssetsOverview.js",
    "versionRef": "",
    "Length": 17266
  },
  {
    "ShortPath": "dist/l2/serviceDsAssetsVideo.js",
    "versionRef": "",
    "Length": 10430
  },
  {
    "ShortPath": "dist/l2/serviceDsColors.js",
    "versionRef": "",
    "Length": 44273
  },
  {
    "ShortPath": "dist/l2/serviceDsComponentDetails.js",
    "versionRef": "",
    "Length": 14861
  },
  {
    "ShortPath": "dist/l2/serviceDsComponentsList.js",
    "versionRef": "",
    "Length": 14499
  },
  {
    "ShortPath": "dist/l2/serviceDsDocList.js",
    "versionRef": "",
    "Length": 20831
  },
  {
    "ShortPath": "dist/l2/serviceDsDocView.js",
    "versionRef": "",
    "Length": 12896
  },
  {
    "ShortPath": "dist/l2/serviceDsStyleBackground.js",
    "versionRef": "",
    "Length": 28652
  },
  {
    "ShortPath": "dist/l2/serviceDsStyleBorder.js",
    "versionRef": "",
    "Length": 21589
  },
  {
    "ShortPath": "dist/l2/serviceDsStyleClippath.js",
    "versionRef": "",
    "Length": 11426
  },
  {
    "ShortPath": "dist/l2/serviceDsStyleColumn.js",
    "versionRef": "",
    "Length": 17285
  },
  {
    "ShortPath": "dist/l2/serviceDsStyleFilter.js",
    "versionRef": "",
    "Length": 20155
  },
  {
    "ShortPath": "dist/l2/serviceDsStyleFlex.js",
    "versionRef": "",
    "Length": 25075
  },
  {
    "ShortPath": "dist/l2/serviceDsStyleSize.js",
    "versionRef": "",
    "Length": 18735
  },
  {
    "ShortPath": "dist/l2/serviceDsStyleSpacing.js",
    "versionRef": "",
    "Length": 16022
  },
  {
    "ShortPath": "dist/l2/serviceDsStyleTesxtshadow.js",
    "versionRef": "",
    "Length": 14979
  },
  {
    "ShortPath": "dist/l2/serviceDsStyleTransform.js",
    "versionRef": "",
    "Length": 18064
  },
  {
    "ShortPath": "dist/l2/serviceDsStyleTypography.js",
    "versionRef": "",
    "Length": 22282
  },
  {
    "ShortPath": "dist/l2/serviceDsStyles.js",
    "versionRef": "",
    "Length": 74398
  },
  {
    "ShortPath": "dist/l2/serviceDsTokens.js",
    "versionRef": "",
    "Length": 28618
  },
  {
    "ShortPath": "dist/l2/serviceEditProject.js",
    "versionRef": "",
    "Length": 15412
  },
  {
    "ShortPath": "dist/l2/serviceFca.js",
    "versionRef": "",
    "Length": 6931
  },
  {
    "ShortPath": "dist/l2/serviceHistories.js",
    "versionRef": "",
    "Length": 14680
  },
  {
    "ShortPath": "dist/l2/serviceListFiles.js",
    "versionRef": "",
    "Length": 43288
  },
  {
    "ShortPath": "dist/l2/serviceListFilesAdd.js",
    "versionRef": "",
    "Length": 31415
  },
  {
    "ShortPath": "dist/l2/serviceNotification.js",
    "versionRef": "",
    "Length": 3450
  },
  {
    "ShortPath": "dist/l2/servicePlugins.js",
    "versionRef": "",
    "Length": 31012
  },
  {
    "ShortPath": "dist/l2/servicePreview.js",
    "versionRef": "",
    "Length": 16847
  },
  {
    "ShortPath": "dist/l2/servicePreviewAddStyle.js",
    "versionRef": "",
    "Length": 16342
  },
  {
    "ShortPath": "dist/l2/servicePreviewView.js",
    "versionRef": "",
    "Length": 38482
  },
  {
    "ShortPath": "dist/l2/serviceProjectDetails.js",
    "versionRef": "",
    "Length": 8832
  },
  {
    "ShortPath": "dist/l2/serviceResults.js",
    "versionRef": "",
    "Length": 26910
  },
  {
    "ShortPath": "dist/l2/serviceResultsDocs.js",
    "versionRef": "",
    "Length": 10337
  },
  {
    "ShortPath": "dist/l2/serviceSave.js",
    "versionRef": "",
    "Length": 38754
  },
  {
    "ShortPath": "dist/l2/serviceSelectDs.js",
    "versionRef": "",
    "Length": 25394
  },
  {
    "ShortPath": "dist/l2/serviceSelectDsAdd.js",
    "versionRef": "",
    "Length": 22671
  },
  {
    "ShortPath": "dist/l2/serviceSource.js",
    "versionRef": "",
    "Length": 98972
  },
  {
    "ShortPath": "dist/l2/serviceUserSettings.js",
    "versionRef": "",
    "Length": 7225
  },
  {
    "ShortPath": "dist/l2/testePageIca.js",
    "versionRef": "",
    "Length": 2760
  },
  {
    "ShortPath": "dist/l2/utilsLit.js",
    "versionRef": "",
    "Length": 783
  },
  {
    "ShortPath": "dist/l2/validateLit.js",
    "versionRef": "",
    "Length": 4583
  },
  {
    "ShortPath": "dist/l2/wcColumn.js",
    "versionRef": "",
    "Length": 2467
  },
  {
    "ShortPath": "dist/l2/wcInputColor.js",
    "versionRef": "",
    "Length": 6864
  },
  {
    "ShortPath": "dist/l2/wcInputDateRange.js",
    "versionRef": "",
    "Length": 10384
  },
  {
    "ShortPath": "dist/l2/wcInputNumber.js",
    "versionRef": "",
    "Length": 8437
  },
  {
    "ShortPath": "dist/l2/wcInputNumberRange.js",
    "versionRef": "",
    "Length": 9872
  },
  {
    "ShortPath": "dist/l2/wcInputNumberWithButtons.js",
    "versionRef": "",
    "Length": 10462
  },
  {
    "ShortPath": "dist/l2/wcInputText.js",
    "versionRef": "",
    "Length": 8662
  },
  {
    "ShortPath": "dist/l2/wcRow.js",
    "versionRef": "",
    "Length": 3116
  },
  {
    "ShortPath": "dist/l2/wcSelectOne.js",
    "versionRef": "",
    "Length": 5888
  },
  {
    "ShortPath": "dist/l2/wcdToolbox.js",
    "versionRef": "",
    "Length": 34493
  },
  {
    "ShortPath": "dist/l2/wcdToolboxItemActionEditQuill.js",
    "versionRef": "",
    "Length": 59342
  },
  {
    "ShortPath": "dist/l2/wcdToolboxItemActionGroup.js",
    "versionRef": "",
    "Length": 6443
  },
  {
    "ShortPath": "dist/l2/wcdToolboxItemActionMargin.js",
    "versionRef": "",
    "Length": 18993
  },
  {
    "ShortPath": "dist/l2/wcdToolboxItemActionMenu.js",
    "versionRef": "",
    "Length": 5187
  },
  {
    "ShortPath": "dist/l2/wcdToolboxItemActionMove.js",
    "versionRef": "",
    "Length": 12030
  },
  {
    "ShortPath": "dist/l2/wcdToolboxItemActionPadding.js",
    "versionRef": "",
    "Length": 19353
  },
  {
    "ShortPath": "dist/l2/wcdToolboxItemActionSize.js",
    "versionRef": "",
    "Length": 16460
  },
  {
    "ShortPath": "l2/aimActionAddIca.html",
    "versionRef": "c6cfe3823b5ed3945cadb362d9d4a8dee2b85372",
    "Length": 32
  },
  {
    "ShortPath": "l2/aimActionAddIca.ts",
    "versionRef": "c6cfe3823b5ed3945cadb362d9d4a8dee2b85372",
    "Length": 21059
  },
  {
    "ShortPath": "l2/aimActionBase.html",
    "versionRef": "c6cfe3823b5ed3945cadb362d9d4a8dee2b85372",
    "Length": 30
  },
  {
    "ShortPath": "l2/aimActionBase.ts",
    "versionRef": "c6cfe3823b5ed3945cadb362d9d4a8dee2b85372",
    "Length": 12318
  },
  {
    "ShortPath": "l2/aimActionStyleNew.html",
    "versionRef": "c6cfe3823b5ed3945cadb362d9d4a8dee2b85372",
    "Length": 34
  },
  {
    "ShortPath": "l2/aimActionStyleNew.ts",
    "versionRef": "c6cfe3823b5ed3945cadb362d9d4a8dee2b85372",
    "Length": 10728
  },
  {
    "ShortPath": "l2/aimActionTokensNew.html",
    "versionRef": "c6cfe3823b5ed3945cadb362d9d4a8dee2b85372",
    "Length": 35
  },
  {
    "ShortPath": "l2/aimActionTokensNew.ts",
    "versionRef": "c6cfe3823b5ed3945cadb362d9d4a8dee2b85372",
    "Length": 7011
  },
  {
    "ShortPath": "l2/aimActionTypescriptSpell.html",
    "versionRef": "c6cfe3823b5ed3945cadb362d9d4a8dee2b85372",
    "Length": 41
  },
  {
    "ShortPath": "l2/aimActionTypescriptSpell.ts",
    "versionRef": "c6cfe3823b5ed3945cadb362d9d4a8dee2b85372",
    "Length": 6723
  },
  {
    "ShortPath": "l2/aimActionUpdateLit.html",
    "versionRef": "c6cfe3823b5ed3945cadb362d9d4a8dee2b85372",
    "Length": 35
  },
  {
    "ShortPath": "l2/aimActionUpdateLit.ts",
    "versionRef": "c6cfe3823b5ed3945cadb362d9d4a8dee2b85372",
    "Length": 5885
  },
  {
    "ShortPath": "l2/aimActionVerifyInternationalization.html",
    "versionRef": "c6cfe3823b5ed3945cadb362d9d4a8dee2b85372",
    "Length": 52
  },
  {
    "ShortPath": "l2/aimActionVerifyInternationalization.ts",
    "versionRef": "c6cfe3823b5ed3945cadb362d9d4a8dee2b85372",
    "Length": 6324
  },
  {
    "ShortPath": "l2/aimBase.html",
    "versionRef": "c6cfe3823b5ed3945cadb362d9d4a8dee2b85372",
    "Length": 24
  },
  {
    "ShortPath": "l2/aimBase.ts",
    "versionRef": "c6cfe3823b5ed3945cadb362d9d4a8dee2b85372",
    "Length": 12985
  },
  {
    "ShortPath": "l2/aimHelper.html",
    "versionRef": "c6cfe3823b5ed3945cadb362d9d4a8dee2b85372",
    "Length": 26
  },
  {
    "ShortPath": "l2/aimHelper.ts",
    "versionRef": "c6cfe3823b5ed3945cadb362d9d4a8dee2b85372",
    "Length": 4547
  },
  {
    "ShortPath": "l2/aimSelectLanguage.html",
    "versionRef": "c6cfe3823b5ed3945cadb362d9d4a8dee2b85372",
    "Length": 57
  },
  {
    "ShortPath": "l2/aimSelectLanguage.ts",
    "versionRef": "c6cfe3823b5ed3945cadb362d9d4a8dee2b85372",
    "Length": 4187
  },
  {
    "ShortPath": "l2/aimSelectWidget.html",
    "versionRef": "c6cfe3823b5ed3945cadb362d9d4a8dee2b85372",
    "Length": 53
  },
  {
    "ShortPath": "l2/aimSelectWidget.ts",
    "versionRef": "c6cfe3823b5ed3945cadb362d9d4a8dee2b85372",
    "Length": 4231
  },
  {
    "ShortPath": "l2/aimTaskBase.html",
    "versionRef": "c6cfe3823b5ed3945cadb362d9d4a8dee2b85372",
    "Length": 28
  },
  {
    "ShortPath": "l2/aimTaskBase.ts",
    "versionRef": "c6cfe3823b5ed3945cadb362d9d4a8dee2b85372",
    "Length": 5088
  },
  {
    "ShortPath": "l2/aimTaskDsStyles.html",
    "versionRef": "c6cfe3823b5ed3945cadb362d9d4a8dee2b85372",
    "Length": 32
  },
  {
    "ShortPath": "l2/aimTaskDsStyles.ts",
    "versionRef": "c6cfe3823b5ed3945cadb362d9d4a8dee2b85372",
    "Length": 1697
  },
  {
    "ShortPath": "l2/aimTaskDsTokens.html",
    "versionRef": "c6cfe3823b5ed3945cadb362d9d4a8dee2b85372",
    "Length": 32
  },
  {
    "ShortPath": "l2/aimTaskDsTokens.ts",
    "versionRef": "c6cfe3823b5ed3945cadb362d9d4a8dee2b85372",
    "Length": 1567
  },
  {
    "ShortPath": "l2/aimTaskExecLLM.html",
    "versionRef": "c6cfe3823b5ed3945cadb362d9d4a8dee2b85372",
    "Length": 31
  },
  {
    "ShortPath": "l2/aimTaskExecLLM.ts",
    "versionRef": "c6cfe3823b5ed3945cadb362d9d4a8dee2b85372",
    "Length": 1593
  },
  {
    "ShortPath": "l2/aimTaskGetSourceLanguageTypescript.html",
    "versionRef": "c6cfe3823b5ed3945cadb362d9d4a8dee2b85372",
    "Length": 51
  },
  {
    "ShortPath": "l2/aimTaskGetSourceLanguageTypescript.ts",
    "versionRef": "c6cfe3823b5ed3945cadb362d9d4a8dee2b85372",
    "Length": 3434
  },
  {
    "ShortPath": "l2/aimTaskPrepareIcaSource.html",
    "versionRef": "c6cfe3823b5ed3945cadb362d9d4a8dee2b85372",
    "Length": 40
  },
  {
    "ShortPath": "l2/aimTaskPrepareIcaSource.ts",
    "versionRef": "c6cfe3823b5ed3945cadb362d9d4a8dee2b85372",
    "Length": 3756
  },
  {
    "ShortPath": "l2/aimTaskResultAddIca.html",
    "versionRef": "c6cfe3823b5ed3945cadb362d9d4a8dee2b85372",
    "Length": 36
  },
  {
    "ShortPath": "l2/aimTaskResultAddIca.ts",
    "versionRef": "c6cfe3823b5ed3945cadb362d9d4a8dee2b85372",
    "Length": 9718
  },
  {
    "ShortPath": "l2/aimTaskResultAddIcaPrompt.html",
    "versionRef": "c6cfe3823b5ed3945cadb362d9d4a8dee2b85372",
    "Length": 42
  },
  {
    "ShortPath": "l2/aimTaskResultAddIcaPrompt.ts",
    "versionRef": "c6cfe3823b5ed3945cadb362d9d4a8dee2b85372",
    "Length": 5733
  },
  {
    "ShortPath": "l2/aimTaskResultCode.html",
    "versionRef": "c6cfe3823b5ed3945cadb362d9d4a8dee2b85372",
    "Length": 34
  },
  {
    "ShortPath": "l2/aimTaskResultCode.ts",
    "versionRef": "c6cfe3823b5ed3945cadb362d9d4a8dee2b85372",
    "Length": 2465
  },
  {
    "ShortPath": "l2/aimTaskResultLess.html",
    "versionRef": "c6cfe3823b5ed3945cadb362d9d4a8dee2b85372",
    "Length": 34
  },
  {
    "ShortPath": "l2/aimTaskResultLess.ts",
    "versionRef": "c6cfe3823b5ed3945cadb362d9d4a8dee2b85372",
    "Length": 6509
  },
  {
    "ShortPath": "l2/aimTaskResultTable.html",
    "versionRef": "c6cfe3823b5ed3945cadb362d9d4a8dee2b85372",
    "Length": 35
  },
  {
    "ShortPath": "l2/aimTaskResultTable.ts",
    "versionRef": "c6cfe3823b5ed3945cadb362d9d4a8dee2b85372",
    "Length": 2179
  },
  {
    "ShortPath": "l2/aimTaskResultTokens.html",
    "versionRef": "c6cfe3823b5ed3945cadb362d9d4a8dee2b85372",
    "Length": 36
  },
  {
    "ShortPath": "l2/aimTaskResultTokens.ts",
    "versionRef": "c6cfe3823b5ed3945cadb362d9d4a8dee2b85372",
    "Length": 4551
  },
  {
    "ShortPath": "l2/aimTaskTSSource.html",
    "versionRef": "c6cfe3823b5ed3945cadb362d9d4a8dee2b85372",
    "Length": 32
  },
  {
    "ShortPath": "l2/aimTaskTSSource.ts",
    "versionRef": "c6cfe3823b5ed3945cadb362d9d4a8dee2b85372",
    "Length": 2278
  },
  {
    "ShortPath": "l2/ateste.html",
    "versionRef": "c6cfe3823b5ed3945cadb362d9d4a8dee2b85372",
    "Length": 50
  },
  {
    "ShortPath": "l2/ateste.ts",
    "versionRef": "c6cfe3823b5ed3945cadb362d9d4a8dee2b85372",
    "Length": 639
  },
  {
    "ShortPath": "l2/codeLensLit.html",
    "versionRef": "c6cfe3823b5ed3945cadb362d9d4a8dee2b85372",
    "Length": 28
  },
  {
    "ShortPath": "l2/codeLensLit.ts",
    "versionRef": "c6cfe3823b5ed3945cadb362d9d4a8dee2b85372",
    "Length": 3905
  },
  {
    "ShortPath": "l2/codelensComponentDetails.html",
    "versionRef": "c6cfe3823b5ed3945cadb362d9d4a8dee2b85372",
    "Length": 71
  },
  {
    "ShortPath": "l2/codelensComponentDetails.ts",
    "versionRef": "c6cfe3823b5ed3945cadb362d9d4a8dee2b85372",
    "Length": 2269
  },
  {
    "ShortPath": "l2/codelensCustomElement.html",
    "versionRef": "c6cfe3823b5ed3945cadb362d9d4a8dee2b85372",
    "Length": 65
  },
  {
    "ShortPath": "l2/codelensCustomElement.ts",
    "versionRef": "c6cfe3823b5ed3945cadb362d9d4a8dee2b85372",
    "Length": 3777
  },
  {
    "ShortPath": "l2/codelensServiceDetails.html",
    "versionRef": "c6cfe3823b5ed3945cadb362d9d4a8dee2b85372",
    "Length": 67
  },
  {
    "ShortPath": "l2/codelensServiceDetails.ts",
    "versionRef": "c6cfe3823b5ed3945cadb362d9d4a8dee2b85372",
    "Length": 7301
  },
  {
    "ShortPath": "l2/collabConfigService.html",
    "versionRef": "c6cfe3823b5ed3945cadb362d9d4a8dee2b85372",
    "Length": 61
  },
  {
    "ShortPath": "l2/collabConfigService.ts",
    "versionRef": "c6cfe3823b5ed3945cadb362d9d4a8dee2b85372",
    "Length": 14950
  },
  {
    "ShortPath": "l2/collabDsInputRange.html",
    "versionRef": "c6cfe3823b5ed3945cadb362d9d4a8dee2b85372",
    "Length": 74
  },
  {
    "ShortPath": "l2/collabDsInputRange.ts",
    "versionRef": "c6cfe3823b5ed3945cadb362d9d4a8dee2b85372",
    "Length": 3734
  },
  {
    "ShortPath": "l2/collabDsInputSelectColor.html",
    "versionRef": "c6cfe3823b5ed3945cadb362d9d4a8dee2b85372",
    "Length": 137
  },
  {
    "ShortPath": "l2/collabDsInputSelectColor.ts",
    "versionRef": "c6cfe3823b5ed3945cadb362d9d4a8dee2b85372",
    "Length": 5571
  },
  {
    "ShortPath": "l2/collabFcaTree.html",
    "versionRef": "c6cfe3823b5ed3945cadb362d9d4a8dee2b85372",
    "Length": 30
  },
  {
    "ShortPath": "l2/collabFcaTree.ts",
    "versionRef": "c6cfe3823b5ed3945cadb362d9d4a8dee2b85372",
    "Length": 19899
  },
  {
    "ShortPath": "l2/collabIcons.html",
    "versionRef": "c6cfe3823b5ed3945cadb362d9d4a8dee2b85372",
    "Length": 28
  },
  {
    "ShortPath": "l2/collabIcons.ts",
    "versionRef": "c6cfe3823b5ed3945cadb362d9d4a8dee2b85372",
    "Length": 29771
  },
  {
    "ShortPath": "l2/collabInputTag.html",
    "versionRef": "c6cfe3823b5ed3945cadb362d9d4a8dee2b85372",
    "Length": 64
  },
  {
    "ShortPath": "l2/collabInputTag.ts",
    "versionRef": "c6cfe3823b5ed3945cadb362d9d4a8dee2b85372",
    "Length": 3335
  },
  {
    "ShortPath": "l2/collabLanguages.html",
    "versionRef": "c6cfe3823b5ed3945cadb362d9d4a8dee2b85372",
    "Length": 32
  },
  {
    "ShortPath": "l2/collabLanguages.ts",
    "versionRef": "c6cfe3823b5ed3945cadb362d9d4a8dee2b85372",
    "Length": 6736
  },
  {
    "ShortPath": "l2/collabLitElement.html",
    "versionRef": "c6cfe3823b5ed3945cadb362d9d4a8dee2b85372",
    "Length": 33
  },
  {
    "ShortPath": "l2/collabLitElement.ts",
    "versionRef": "c6cfe3823b5ed3945cadb362d9d4a8dee2b85372",
    "Length": 3348
  },
  {
    "ShortPath": "l2/collabShowCodeDiff.html",
    "versionRef": "c6cfe3823b5ed3945cadb362d9d4a8dee2b85372",
    "Length": 61
  },
  {
    "ShortPath": "l2/collabShowCodeDiff.ts",
    "versionRef": "c6cfe3823b5ed3945cadb362d9d4a8dee2b85372",
    "Length": 11355
  },
  {
    "ShortPath": "l2/collabShowCodeSnippet.html",
    "versionRef": "c6cfe3823b5ed3945cadb362d9d4a8dee2b85372",
    "Length": 86
  },
  {
    "ShortPath": "l2/collabShowCodeSnippet.ts",
    "versionRef": "c6cfe3823b5ed3945cadb362d9d4a8dee2b85372",
    "Length": 7532
  },
  {
    "ShortPath": "l2/collabState.html",
    "versionRef": "c6cfe3823b5ed3945cadb362d9d4a8dee2b85372",
    "Length": 28
  },
  {
    "ShortPath": "l2/collabState.ts",
    "versionRef": "c6cfe3823b5ed3945cadb362d9d4a8dee2b85372",
    "Length": 2550
  },
  {
    "ShortPath": "l2/collabStateTestCount.html",
    "versionRef": "c6cfe3823b5ed3945cadb362d9d4a8dee2b85372",
    "Length": 103
  },
  {
    "ShortPath": "l2/collabStateTestCount.ts",
    "versionRef": "c6cfe3823b5ed3945cadb362d9d4a8dee2b85372",
    "Length": 1178
  },
  {
    "ShortPath": "l2/collabStateTestCount2.html",
    "versionRef": "c6cfe3823b5ed3945cadb362d9d4a8dee2b85372",
    "Length": 211
  },
  {
    "ShortPath": "l2/collabStateTestCount2.ts",
    "versionRef": "c6cfe3823b5ed3945cadb362d9d4a8dee2b85372",
    "Length": 1219
  },
  {
    "ShortPath": "l2/collabStore.html",
    "versionRef": "c6cfe3823b5ed3945cadb362d9d4a8dee2b85372",
    "Length": 28
  },
  {
    "ShortPath": "l2/collabStore.ts",
    "versionRef": "c6cfe3823b5ed3945cadb362d9d4a8dee2b85372",
    "Length": 216
  },
  {
    "ShortPath": "l2/dependenciesLit.ts",
    "versionRef": "c6cfe3823b5ed3945cadb362d9d4a8dee2b85372",
    "Length": 2661
  },
  {
    "ShortPath": "l2/editorQuill.html",
    "versionRef": "c6cfe3823b5ed3945cadb362d9d4a8dee2b85372",
    "Length": 28
  },
  {
    "ShortPath": "l2/editorQuill.ts",
    "versionRef": "c6cfe3823b5ed3945cadb362d9d4a8dee2b85372",
    "Length": 52103
  },
  {
    "ShortPath": "l2/editorQuillDocs.html",
    "versionRef": "c6cfe3823b5ed3945cadb362d9d4a8dee2b85372",
    "Length": 53
  },
  {
    "ShortPath": "l2/editorQuillDocs.ts",
    "versionRef": "c6cfe3823b5ed3945cadb362d9d4a8dee2b85372",
    "Length": 57112
  },
  {
    "ShortPath": "l2/enhancementLit.html",
    "versionRef": "c6cfe3823b5ed3945cadb362d9d4a8dee2b85372",
    "Length": 31
  },
  {
    "ShortPath": "l2/enhancementLit.ts",
    "versionRef": "c6cfe3823b5ed3945cadb362d9d4a8dee2b85372",
    "Length": 4508
  },
  {
    "ShortPath": "l2/enhancementLitService.html",
    "versionRef": "c6cfe3823b5ed3945cadb362d9d4a8dee2b85372",
    "Length": 38
  },
  {
    "ShortPath": "l2/enhancementLitService.ts",
    "versionRef": "c6cfe3823b5ed3945cadb362d9d4a8dee2b85372",
    "Length": 4571
  },
  {
    "ShortPath": "l2/enhancementPage.html",
    "versionRef": "c6cfe3823b5ed3945cadb362d9d4a8dee2b85372",
    "Length": 32
  },
  {
    "ShortPath": "l2/enhancementPage.ts",
    "versionRef": "c6cfe3823b5ed3945cadb362d9d4a8dee2b85372",
    "Length": 1722
  },
  {
    "ShortPath": "l2/icaApresentationTextText.html",
    "versionRef": "c6cfe3823b5ed3945cadb362d9d4a8dee2b85372",
    "Length": 41
  },
  {
    "ShortPath": "l2/icaApresentationTextText.ts",
    "versionRef": "c6cfe3823b5ed3945cadb362d9d4a8dee2b85372",
    "Length": 1706
  },
  {
    "ShortPath": "l2/icaApresentationTextTextBase.html",
    "versionRef": "c6cfe3823b5ed3945cadb362d9d4a8dee2b85372",
    "Length": 45
  },
  {
    "ShortPath": "l2/icaApresentationTextTextBase.ts",
    "versionRef": "c6cfe3823b5ed3945cadb362d9d4a8dee2b85372",
    "Length": 275
  },
  {
    "ShortPath": "l2/icaBase.html",
    "versionRef": "c6cfe3823b5ed3945cadb362d9d4a8dee2b85372",
    "Length": 24
  },
  {
    "ShortPath": "l2/icaBase.ts",
    "versionRef": "c6cfe3823b5ed3945cadb362d9d4a8dee2b85372",
    "Length": 286
  },
  {
    "ShortPath": "l2/icaBaseDescription.html",
    "versionRef": "c6cfe3823b5ed3945cadb362d9d4a8dee2b85372",
    "Length": 35
  },
  {
    "ShortPath": "l2/icaBaseDescription.ts",
    "versionRef": "c6cfe3823b5ed3945cadb362d9d4a8dee2b85372",
    "Length": 47688
  },
  {
    "ShortPath": "l2/icaCollabStore.html",
    "versionRef": "c6cfe3823b5ed3945cadb362d9d4a8dee2b85372",
    "Length": 31
  },
  {
    "ShortPath": "l2/icaCollabStore.ts",
    "versionRef": "c6cfe3823b5ed3945cadb362d9d4a8dee2b85372",
    "Length": 154
  },
  {
    "ShortPath": "l2/icaDecorators.html",
    "versionRef": "c6cfe3823b5ed3945cadb362d9d4a8dee2b85372",
    "Length": 30
  },
  {
    "ShortPath": "l2/icaDecorators.ts",
    "versionRef": "c6cfe3823b5ed3945cadb362d9d4a8dee2b85372",
    "Length": 6275
  },
  {
    "ShortPath": "l2/icaDeepLinking.html",
    "versionRef": "c6cfe3823b5ed3945cadb362d9d4a8dee2b85372",
    "Length": 52
  },
  {
    "ShortPath": "l2/icaDeepLinking.ts",
    "versionRef": "c6cfe3823b5ed3945cadb362d9d4a8dee2b85372",
    "Length": 5931
  },
  {
    "ShortPath": "l2/icaFormsInputNumber.html",
    "versionRef": "c6cfe3823b5ed3945cadb362d9d4a8dee2b85372",
    "Length": 36
  },
  {
    "ShortPath": "l2/icaFormsInputNumber.ts",
    "versionRef": "c6cfe3823b5ed3945cadb362d9d4a8dee2b85372",
    "Length": 1371
  },
  {
    "ShortPath": "l2/icaFormsInputNumberBase.html",
    "versionRef": "c6cfe3823b5ed3945cadb362d9d4a8dee2b85372",
    "Length": 40
  },
  {
    "ShortPath": "l2/icaFormsInputNumberBase.ts",
    "versionRef": "c6cfe3823b5ed3945cadb362d9d4a8dee2b85372",
    "Length": 1260
  },
  {
    "ShortPath": "l2/icaFormsInputSelectOne.html",
    "versionRef": "c6cfe3823b5ed3945cadb362d9d4a8dee2b85372",
    "Length": 39
  },
  {
    "ShortPath": "l2/icaFormsInputSelectOne.ts",
    "versionRef": "c6cfe3823b5ed3945cadb362d9d4a8dee2b85372",
    "Length": 653
  },
  {
    "ShortPath": "l2/icaFormsInputString.html",
    "versionRef": "c6cfe3823b5ed3945cadb362d9d4a8dee2b85372",
    "Length": 36
  },
  {
    "ShortPath": "l2/icaFormsInputString.ts",
    "versionRef": "c6cfe3823b5ed3945cadb362d9d4a8dee2b85372",
    "Length": 1729
  },
  {
    "ShortPath": "l2/icaGlobal.html",
    "versionRef": "c6cfe3823b5ed3945cadb362d9d4a8dee2b85372",
    "Length": 26
  },
  {
    "ShortPath": "l2/icaGlobal.ts",
    "versionRef": "c6cfe3823b5ed3945cadb362d9d4a8dee2b85372",
    "Length": 1209
  },
  {
    "ShortPath": "l2/icaLayoutFlowColumn.html",
    "versionRef": "c6cfe3823b5ed3945cadb362d9d4a8dee2b85372",
    "Length": 36
  },
  {
    "ShortPath": "l2/icaLayoutFlowColumn.ts",
    "versionRef": "c6cfe3823b5ed3945cadb362d9d4a8dee2b85372",
    "Length": 2199
  },
  {
    "ShortPath": "l2/icaLayoutFlowColumnBase.html",
    "versionRef": "c6cfe3823b5ed3945cadb362d9d4a8dee2b85372",
    "Length": 40
  },
  {
    "ShortPath": "l2/icaLayoutFlowColumnBase.ts",
    "versionRef": "c6cfe3823b5ed3945cadb362d9d4a8dee2b85372",
    "Length": 253
  },
  {
    "ShortPath": "l2/icaLayoutFlowRow.html",
    "versionRef": "c6cfe3823b5ed3945cadb362d9d4a8dee2b85372",
    "Length": 33
  },
  {
    "ShortPath": "l2/icaLayoutFlowRow.ts",
    "versionRef": "c6cfe3823b5ed3945cadb362d9d4a8dee2b85372",
    "Length": 2612
  },
  {
    "ShortPath": "l2/icaLayoutFlowRowBase.html",
    "versionRef": "c6cfe3823b5ed3945cadb362d9d4a8dee2b85372",
    "Length": 37
  },
  {
    "ShortPath": "l2/icaLayoutFlowRowBase.ts",
    "versionRef": "c6cfe3823b5ed3945cadb362d9d4a8dee2b85372",
    "Length": 332
  },
  {
    "ShortPath": "l2/icaLitElement.html",
    "versionRef": "c6cfe3823b5ed3945cadb362d9d4a8dee2b85372",
    "Length": 30
  },
  {
    "ShortPath": "l2/icaLitElement.ts",
    "versionRef": "c6cfe3823b5ed3945cadb362d9d4a8dee2b85372",
    "Length": 1634
  },
  {
    "ShortPath": "l2/icaLitElementBase.html",
    "versionRef": "c6cfe3823b5ed3945cadb362d9d4a8dee2b85372",
    "Length": 34
  },
  {
    "ShortPath": "l2/icaLitElementBase.ts",
    "versionRef": "c6cfe3823b5ed3945cadb362d9d4a8dee2b85372",
    "Length": 13050
  },
  {
    "ShortPath": "l2/icaSelectGroup.html",
    "versionRef": "c6cfe3823b5ed3945cadb362d9d4a8dee2b85372",
    "Length": 51
  },
  {
    "ShortPath": "l2/icaSelectGroup.ts",
    "versionRef": "c6cfe3823b5ed3945cadb362d9d4a8dee2b85372",
    "Length": 7217
  },
  {
    "ShortPath": "l2/icaState.html",
    "versionRef": "c6cfe3823b5ed3945cadb362d9d4a8dee2b85372",
    "Length": 25
  },
  {
    "ShortPath": "l2/icaState.ts",
    "versionRef": "c6cfe3823b5ed3945cadb362d9d4a8dee2b85372",
    "Length": 4045
  },
  {
    "ShortPath": "l2/icaTestPage.html",
    "versionRef": "c6cfe3823b5ed3945cadb362d9d4a8dee2b85372",
    "Length": 2107
  },
  {
    "ShortPath": "l2/icaTestPage.ts",
    "versionRef": "c6cfe3823b5ed3945cadb362d9d4a8dee2b85372",
    "Length": 969
  },
  {
    "ShortPath": "l2/icaTesteWcComp.html",
    "versionRef": "c6cfe3823b5ed3945cadb362d9d4a8dee2b85372",
    "Length": 31
  },
  {
    "ShortPath": "l2/jsDocLib.ts",
    "versionRef": "c6cfe3823b5ed3945cadb362d9d4a8dee2b85372",
    "Length": 14538
  },
  {
    "ShortPath": "l2/libCompile.html",
    "versionRef": "c6cfe3823b5ed3945cadb362d9d4a8dee2b85372",
    "Length": 27
  },
  {
    "ShortPath": "l2/libCompile.ts",
    "versionRef": "c6cfe3823b5ed3945cadb362d9d4a8dee2b85372",
    "Length": 10164
  },
  {
    "ShortPath": "l2/libFileManager.html",
    "versionRef": "c6cfe3823b5ed3945cadb362d9d4a8dee2b85372",
    "Length": 31
  },
  {
    "ShortPath": "l2/libFileManager.ts",
    "versionRef": "c6cfe3823b5ed3945cadb362d9d4a8dee2b85372",
    "Length": 19292
  },
  {
    "ShortPath": "l2/litClassMap.ts",
    "versionRef": "c6cfe3823b5ed3945cadb362d9d4a8dee2b85372",
    "Length": 3707
  },
  {
    "ShortPath": "l2/litCssTag.ts",
    "versionRef": "c6cfe3823b5ed3945cadb362d9d4a8dee2b85372",
    "Length": 6429
  },
  {
    "ShortPath": "l2/litDecorators.ts",
    "versionRef": "c6cfe3823b5ed3945cadb362d9d4a8dee2b85372",
    "Length": 15499
  },
  {
    "ShortPath": "l2/litDirectives.ts",
    "versionRef": "c6cfe3823b5ed3945cadb362d9d4a8dee2b85372",
    "Length": 3733
  },
  {
    "ShortPath": "l2/litDirectivesHelper.ts",
    "versionRef": "c6cfe3823b5ed3945cadb362d9d4a8dee2b85372",
    "Length": 8009
  },
  {
    "ShortPath": "l2/litElement.ts",
    "versionRef": "c6cfe3823b5ed3945cadb362d9d4a8dee2b85372",
    "Length": 11117
  },
  {
    "ShortPath": "l2/litHtml.ts",
    "versionRef": "c6cfe3823b5ed3945cadb362d9d4a8dee2b85372",
    "Length": 78381
  },
  {
    "ShortPath": "l2/litIfDefined.ts",
    "versionRef": "c6cfe3823b5ed3945cadb362d9d4a8dee2b85372",
    "Length": 461
  },
  {
    "ShortPath": "l2/litLive.ts",
    "versionRef": "c6cfe3823b5ed3945cadb362d9d4a8dee2b85372",
    "Length": 3209
  },
  {
    "ShortPath": "l2/litReactiveController.ts",
    "versionRef": "c6cfe3823b5ed3945cadb362d9d4a8dee2b85372",
    "Length": 2891
  },
  {
    "ShortPath": "l2/litReactiveElement.ts",
    "versionRef": "c6cfe3823b5ed3945cadb362d9d4a8dee2b85372",
    "Length": 54861
  },
  {
    "ShortPath": "l2/litStyleMap.ts",
    "versionRef": "c6cfe3823b5ed3945cadb362d9d4a8dee2b85372",
    "Length": 5279
  },
  {
    "ShortPath": "l2/litWhen.ts",
    "versionRef": "c6cfe3823b5ed3945cadb362d9d4a8dee2b85372",
    "Length": 1122
  },
  {
    "ShortPath": "l2/mlsHistoryList.html",
    "versionRef": "c6cfe3823b5ed3945cadb362d9d4a8dee2b85372",
    "Length": 83
  },
  {
    "ShortPath": "l2/mlsHistoryList.ts",
    "versionRef": "c6cfe3823b5ed3945cadb362d9d4a8dee2b85372",
    "Length": 12329
  },
  {
    "ShortPath": "l2/processCssLit.html",
    "versionRef": "c6cfe3823b5ed3945cadb362d9d4a8dee2b85372",
    "Length": 30
  },
  {
    "ShortPath": "l2/processCssLit.ts",
    "versionRef": "c6cfe3823b5ed3945cadb362d9d4a8dee2b85372",
    "Length": 1788
  },
  {
    "ShortPath": "l2/propiertiesLit.html",
    "versionRef": "c6cfe3823b5ed3945cadb362d9d4a8dee2b85372",
    "Length": 31
  },
  {
    "ShortPath": "l2/propiertiesLit.ts",
    "versionRef": "c6cfe3823b5ed3945cadb362d9d4a8dee2b85372",
    "Length": 8156
  },
  {
    "ShortPath": "l2/serviceAim.html",
    "versionRef": "c6cfe3823b5ed3945cadb362d9d4a8dee2b85372",
    "Length": 52
  },
  {
    "ShortPath": "l2/serviceAim.ts",
    "versionRef": "c6cfe3823b5ed3945cadb362d9d4a8dee2b85372",
    "Length": 18572
  },
  {
    "ShortPath": "l2/serviceBase.html",
    "versionRef": "c6cfe3823b5ed3945cadb362d9d4a8dee2b85372",
    "Length": 28
  },
  {
    "ShortPath": "l2/serviceBase.ts",
    "versionRef": "c6cfe3823b5ed3945cadb362d9d4a8dee2b85372",
    "Length": 9196
  },
  {
    "ShortPath": "l2/serviceDetailsDs.html",
    "versionRef": "c6cfe3823b5ed3945cadb362d9d4a8dee2b85372",
    "Length": 55
  },
  {
    "ShortPath": "l2/serviceDetailsDs.ts",
    "versionRef": "c6cfe3823b5ed3945cadb362d9d4a8dee2b85372",
    "Length": 9845
  },
  {
    "ShortPath": "l2/serviceDsAssets.html",
    "versionRef": "c6cfe3823b5ed3945cadb362d9d4a8dee2b85372",
    "Length": 53
  },
  {
    "ShortPath": "l2/serviceDsAssets.ts",
    "versionRef": "c6cfe3823b5ed3945cadb362d9d4a8dee2b85372",
    "Length": 20018
  },
  {
    "ShortPath": "l2/serviceDsAssetsEditor.html",
    "versionRef": "c6cfe3823b5ed3945cadb362d9d4a8dee2b85372",
    "Length": 38
  },
  {
    "ShortPath": "l2/serviceDsAssetsEditor.ts",
    "versionRef": "c6cfe3823b5ed3945cadb362d9d4a8dee2b85372",
    "Length": 6685
  },
  {
    "ShortPath": "l2/serviceDsAssetsImage.html",
    "versionRef": "c6cfe3823b5ed3945cadb362d9d4a8dee2b85372",
    "Length": 37
  },
  {
    "ShortPath": "l2/serviceDsAssetsImage.ts",
    "versionRef": "c6cfe3823b5ed3945cadb362d9d4a8dee2b85372",
    "Length": 4395
  },
  {
    "ShortPath": "l2/serviceDsAssetsOverview.html",
    "versionRef": "c6cfe3823b5ed3945cadb362d9d4a8dee2b85372",
    "Length": 40
  },
  {
    "ShortPath": "l2/serviceDsAssetsOverview.ts",
    "versionRef": "c6cfe3823b5ed3945cadb362d9d4a8dee2b85372",
    "Length": 9193
  },
  {
    "ShortPath": "l2/serviceDsAssetsVideo.html",
    "versionRef": "c6cfe3823b5ed3945cadb362d9d4a8dee2b85372",
    "Length": 37
  },
  {
    "ShortPath": "l2/serviceDsAssetsVideo.ts",
    "versionRef": "c6cfe3823b5ed3945cadb362d9d4a8dee2b85372",
    "Length": 4228
  },
  {
    "ShortPath": "l2/serviceDsColors.html",
    "versionRef": "c6cfe3823b5ed3945cadb362d9d4a8dee2b85372",
    "Length": 53
  },
  {
    "ShortPath": "l2/serviceDsColors.ts",
    "versionRef": "c6cfe3823b5ed3945cadb362d9d4a8dee2b85372",
    "Length": 26511
  },
  {
    "ShortPath": "l2/serviceDsComponentDetails.html",
    "versionRef": "c6cfe3823b5ed3945cadb362d9d4a8dee2b85372",
    "Length": 42
  },
  {
    "ShortPath": "l2/serviceDsComponentDetails.ts",
    "versionRef": "c6cfe3823b5ed3945cadb362d9d4a8dee2b85372",
    "Length": 7066
  },
  {
    "ShortPath": "l2/serviceDsComponentsList.html",
    "versionRef": "c6cfe3823b5ed3945cadb362d9d4a8dee2b85372",
    "Length": 71
  },
  {
    "ShortPath": "l2/serviceDsComponentsList.ts",
    "versionRef": "c6cfe3823b5ed3945cadb362d9d4a8dee2b85372",
    "Length": 8238
  },
  {
    "ShortPath": "l2/serviceDsDocList.html",
    "versionRef": "c6cfe3823b5ed3945cadb362d9d4a8dee2b85372",
    "Length": 57
  },
  {
    "ShortPath": "l2/serviceDsDocList.ts",
    "versionRef": "c6cfe3823b5ed3945cadb362d9d4a8dee2b85372",
    "Length": 10073
  },
  {
    "ShortPath": "l2/serviceDsDocView.html",
    "versionRef": "c6cfe3823b5ed3945cadb362d9d4a8dee2b85372",
    "Length": 33
  },
  {
    "ShortPath": "l2/serviceDsDocView.ts",
    "versionRef": "c6cfe3823b5ed3945cadb362d9d4a8dee2b85372",
    "Length": 5791
  },
  {
    "ShortPath": "l2/serviceDsStyleBackground.html",
    "versionRef": "c6cfe3823b5ed3945cadb362d9d4a8dee2b85372",
    "Length": 73
  },
  {
    "ShortPath": "l2/serviceDsStyleBackground.ts",
    "versionRef": "c6cfe3823b5ed3945cadb362d9d4a8dee2b85372",
    "Length": 22133
  },
  {
    "ShortPath": "l2/serviceDsStyleBorder.html",
    "versionRef": "c6cfe3823b5ed3945cadb362d9d4a8dee2b85372",
    "Length": 65
  },
  {
    "ShortPath": "l2/serviceDsStyleBorder.ts",
    "versionRef": "c6cfe3823b5ed3945cadb362d9d4a8dee2b85372",
    "Length": 16369
  },
  {
    "ShortPath": "l2/serviceDsStyleClippath.html",
    "versionRef": "c6cfe3823b5ed3945cadb362d9d4a8dee2b85372",
    "Length": 69
  },
  {
    "ShortPath": "l2/serviceDsStyleClippath.ts",
    "versionRef": "c6cfe3823b5ed3945cadb362d9d4a8dee2b85372",
    "Length": 8928
  },
  {
    "ShortPath": "l2/serviceDsStyleColumn.html",
    "versionRef": "c6cfe3823b5ed3945cadb362d9d4a8dee2b85372",
    "Length": 65
  },
  {
    "ShortPath": "l2/serviceDsStyleColumn.ts",
    "versionRef": "c6cfe3823b5ed3945cadb362d9d4a8dee2b85372",
    "Length": 11914
  },
  {
    "ShortPath": "l2/serviceDsStyleFilter.html",
    "versionRef": "c6cfe3823b5ed3945cadb362d9d4a8dee2b85372",
    "Length": 65
  },
  {
    "ShortPath": "l2/serviceDsStyleFilter.ts",
    "versionRef": "c6cfe3823b5ed3945cadb362d9d4a8dee2b85372",
    "Length": 15186
  },
  {
    "ShortPath": "l2/serviceDsStyleFlex.html",
    "versionRef": "c6cfe3823b5ed3945cadb362d9d4a8dee2b85372",
    "Length": 61
  },
  {
    "ShortPath": "l2/serviceDsStyleFlex.ts",
    "versionRef": "c6cfe3823b5ed3945cadb362d9d4a8dee2b85372",
    "Length": 16113
  },
  {
    "ShortPath": "l2/serviceDsStyleSize.html",
    "versionRef": "c6cfe3823b5ed3945cadb362d9d4a8dee2b85372",
    "Length": 61
  },
  {
    "ShortPath": "l2/serviceDsStyleSize.ts",
    "versionRef": "c6cfe3823b5ed3945cadb362d9d4a8dee2b85372",
    "Length": 12615
  },
  {
    "ShortPath": "l2/serviceDsStyleSpacing.html",
    "versionRef": "c6cfe3823b5ed3945cadb362d9d4a8dee2b85372",
    "Length": 67
  },
  {
    "ShortPath": "l2/serviceDsStyleSpacing.ts",
    "versionRef": "c6cfe3823b5ed3945cadb362d9d4a8dee2b85372",
    "Length": 11472
  },
  {
    "ShortPath": "l2/serviceDsStyleTesxtshadow.html",
    "versionRef": "c6cfe3823b5ed3945cadb362d9d4a8dee2b85372",
    "Length": 75
  },
  {
    "ShortPath": "l2/serviceDsStyleTesxtshadow.ts",
    "versionRef": "c6cfe3823b5ed3945cadb362d9d4a8dee2b85372",
    "Length": 11420
  },
  {
    "ShortPath": "l2/serviceDsStyleTransform.html",
    "versionRef": "c6cfe3823b5ed3945cadb362d9d4a8dee2b85372",
    "Length": 71
  },
  {
    "ShortPath": "l2/serviceDsStyleTransform.ts",
    "versionRef": "c6cfe3823b5ed3945cadb362d9d4a8dee2b85372",
    "Length": 13859
  },
  {
    "ShortPath": "l2/serviceDsStyleTypography.html",
    "versionRef": "c6cfe3823b5ed3945cadb362d9d4a8dee2b85372",
    "Length": 73
  },
  {
    "ShortPath": "l2/serviceDsStyleTypography.ts",
    "versionRef": "c6cfe3823b5ed3945cadb362d9d4a8dee2b85372",
    "Length": 14027
  },
  {
    "ShortPath": "l2/serviceDsStyles.html",
    "versionRef": "c6cfe3823b5ed3945cadb362d9d4a8dee2b85372",
    "Length": 32
  },
  {
    "ShortPath": "l2/serviceDsStyles.ts",
    "versionRef": "c6cfe3823b5ed3945cadb362d9d4a8dee2b85372",
    "Length": 53610
  },
  {
    "ShortPath": "l2/serviceDsTokens.html",
    "versionRef": "c6cfe3823b5ed3945cadb362d9d4a8dee2b85372",
    "Length": 32
  },
  {
    "ShortPath": "l2/serviceDsTokens.ts",
    "versionRef": "c6cfe3823b5ed3945cadb362d9d4a8dee2b85372",
    "Length": 19176
  },
  {
    "ShortPath": "l2/serviceEditProject.html",
    "versionRef": "c6cfe3823b5ed3945cadb362d9d4a8dee2b85372",
    "Length": 35
  },
  {
    "ShortPath": "l2/serviceEditProject.ts",
    "versionRef": "c6cfe3823b5ed3945cadb362d9d4a8dee2b85372",
    "Length": 7943
  },
  {
    "ShortPath": "l2/serviceFca.html",
    "versionRef": "c6cfe3823b5ed3945cadb362d9d4a8dee2b85372",
    "Length": 41
  },
  {
    "ShortPath": "l2/serviceFca.ts",
    "versionRef": "c6cfe3823b5ed3945cadb362d9d4a8dee2b85372",
    "Length": 4471
  },
  {
    "ShortPath": "l2/serviceHistories.html",
    "versionRef": "c6cfe3823b5ed3945cadb362d9d4a8dee2b85372",
    "Length": 130
  },
  {
    "ShortPath": "l2/serviceHistories.ts",
    "versionRef": "c6cfe3823b5ed3945cadb362d9d4a8dee2b85372",
    "Length": 7324
  },
  {
    "ShortPath": "l2/serviceListFiles.html",
    "versionRef": "c6cfe3823b5ed3945cadb362d9d4a8dee2b85372",
    "Length": 65
  },
  {
    "ShortPath": "l2/serviceListFiles.ts",
    "versionRef": "c6cfe3823b5ed3945cadb362d9d4a8dee2b85372",
    "Length": 28559
  },
  {
    "ShortPath": "l2/serviceListFilesAdd.html",
    "versionRef": "c6cfe3823b5ed3945cadb362d9d4a8dee2b85372",
    "Length": 73
  },
  {
    "ShortPath": "l2/serviceListFilesAdd.ts",
    "versionRef": "c6cfe3823b5ed3945cadb362d9d4a8dee2b85372",
    "Length": 17405
  },
  {
    "ShortPath": "l2/serviceNotification.html",
    "versionRef": "c6cfe3823b5ed3945cadb362d9d4a8dee2b85372",
    "Length": 36
  },
  {
    "ShortPath": "l2/serviceNotification.ts",
    "versionRef": "c6cfe3823b5ed3945cadb362d9d4a8dee2b85372",
    "Length": 1632
  },
  {
    "ShortPath": "l2/servicePlugins.html",
    "versionRef": "c6cfe3823b5ed3945cadb362d9d4a8dee2b85372",
    "Length": 49
  },
  {
    "ShortPath": "l2/servicePlugins.ts",
    "versionRef": "c6cfe3823b5ed3945cadb362d9d4a8dee2b85372",
    "Length": 22533
  },
  {
    "ShortPath": "l2/servicePreview.html",
    "versionRef": "c6cfe3823b5ed3945cadb362d9d4a8dee2b85372",
    "Length": 31
  },
  {
    "ShortPath": "l2/servicePreview.ts",
    "versionRef": "c6cfe3823b5ed3945cadb362d9d4a8dee2b85372",
    "Length": 9911
  },
  {
    "ShortPath": "l2/servicePreviewAddStyle.html",
    "versionRef": "c6cfe3823b5ed3945cadb362d9d4a8dee2b85372",
    "Length": 69
  },
  {
    "ShortPath": "l2/servicePreviewAddStyle.ts",
    "versionRef": "c6cfe3823b5ed3945cadb362d9d4a8dee2b85372",
    "Length": 7120
  },
  {
    "ShortPath": "l2/servicePreviewView.html",
    "versionRef": "c6cfe3823b5ed3945cadb362d9d4a8dee2b85372",
    "Length": 92
  },
  {
    "ShortPath": "l2/servicePreviewView.ts",
    "versionRef": "c6cfe3823b5ed3945cadb362d9d4a8dee2b85372",
    "Length": 23564
  },
  {
    "ShortPath": "l2/serviceProjectDetails.html",
    "versionRef": "c6cfe3823b5ed3945cadb362d9d4a8dee2b85372",
    "Length": 65
  },
  {
    "ShortPath": "l2/serviceProjectDetails.ts",
    "versionRef": "c6cfe3823b5ed3945cadb362d9d4a8dee2b85372",
    "Length": 5640
  },
  {
    "ShortPath": "l2/serviceResults.html",
    "versionRef": "c6cfe3823b5ed3945cadb362d9d4a8dee2b85372",
    "Length": 77
  },
  {
    "ShortPath": "l2/serviceResults.ts",
    "versionRef": "c6cfe3823b5ed3945cadb362d9d4a8dee2b85372",
    "Length": 18699
  },
  {
    "ShortPath": "l2/serviceResultsDocs.html",
    "versionRef": "c6cfe3823b5ed3945cadb362d9d4a8dee2b85372",
    "Length": 35
  },
  {
    "ShortPath": "l2/serviceResultsDocs.ts",
    "versionRef": "c6cfe3823b5ed3945cadb362d9d4a8dee2b85372",
    "Length": 3595
  },
  {
    "ShortPath": "l2/serviceSave.html",
    "versionRef": "c6cfe3823b5ed3945cadb362d9d4a8dee2b85372",
    "Length": 43
  },
  {
    "ShortPath": "l2/serviceSave.ts",
    "versionRef": "c6cfe3823b5ed3945cadb362d9d4a8dee2b85372",
    "Length": 22850
  },
  {
    "ShortPath": "l2/serviceSelectDs.html",
    "versionRef": "c6cfe3823b5ed3945cadb362d9d4a8dee2b85372",
    "Length": 53
  },
  {
    "ShortPath": "l2/serviceSelectDs.ts",
    "versionRef": "c6cfe3823b5ed3945cadb362d9d4a8dee2b85372",
    "Length": 13990
  },
  {
    "ShortPath": "l2/serviceSelectDsAdd.html",
    "versionRef": "c6cfe3823b5ed3945cadb362d9d4a8dee2b85372",
    "Length": 35
  },
  {
    "ShortPath": "l2/serviceSelectDsAdd.ts",
    "versionRef": "c6cfe3823b5ed3945cadb362d9d4a8dee2b85372",
    "Length": 11394
  },
  {
    "ShortPath": "l2/serviceSource.html",
    "versionRef": "c6cfe3823b5ed3945cadb362d9d4a8dee2b85372",
    "Length": 30
  },
  {
    "ShortPath": "l2/serviceSource.ts",
    "versionRef": "c6cfe3823b5ed3945cadb362d9d4a8dee2b85372",
    "Length": 63277
  },
  {
    "ShortPath": "l2/serviceUserSettings.html",
    "versionRef": "c6cfe3823b5ed3945cadb362d9d4a8dee2b85372",
    "Length": 61
  },
  {
    "ShortPath": "l2/serviceUserSettings.ts",
    "versionRef": "c6cfe3823b5ed3945cadb362d9d4a8dee2b85372",
    "Length": 4409
  },
  {
    "ShortPath": "l2/testePageIca.html",
    "versionRef": "c6cfe3823b5ed3945cadb362d9d4a8dee2b85372",
    "Length": 1508
  },
  {
    "ShortPath": "l2/testePageIca.ts",
    "versionRef": "c6cfe3823b5ed3945cadb362d9d4a8dee2b85372",
    "Length": 889
  },
  {
    "ShortPath": "l2/testeRename3.html",
    "versionRef": "c6cfe3823b5ed3945cadb362d9d4a8dee2b85372",
    "Length": 29
  },
  {
    "ShortPath": "l2/utilsLit.html",
    "versionRef": "c6cfe3823b5ed3945cadb362d9d4a8dee2b85372",
    "Length": 25
  },
  {
    "ShortPath": "l2/utilsLit.ts",
    "versionRef": "c6cfe3823b5ed3945cadb362d9d4a8dee2b85372",
    "Length": 824
  },
  {
    "ShortPath": "l2/validateLit.html",
    "versionRef": "c6cfe3823b5ed3945cadb362d9d4a8dee2b85372",
    "Length": 28
  },
  {
    "ShortPath": "l2/validateLit.ts",
    "versionRef": "c6cfe3823b5ed3945cadb362d9d4a8dee2b85372",
    "Length": 5605
  },
  {
    "ShortPath": "l2/wcColumn.html",
    "versionRef": "c6cfe3823b5ed3945cadb362d9d4a8dee2b85372",
    "Length": 25
  },
  {
    "ShortPath": "l2/wcColumn.ts",
    "versionRef": "c6cfe3823b5ed3945cadb362d9d4a8dee2b85372",
    "Length": 554
  },
  {
    "ShortPath": "l2/wcInputColor.html",
    "versionRef": "c6cfe3823b5ed3945cadb362d9d4a8dee2b85372",
    "Length": 89
  },
  {
    "ShortPath": "l2/wcInputColor.ts",
    "versionRef": "c6cfe3823b5ed3945cadb362d9d4a8dee2b85372",
    "Length": 2382
  },
  {
    "ShortPath": "l2/wcInputDateRange.html",
    "versionRef": "c6cfe3823b5ed3945cadb362d9d4a8dee2b85372",
    "Length": 181
  },
  {
    "ShortPath": "l2/wcInputDateRange.ts",
    "versionRef": "c6cfe3823b5ed3945cadb362d9d4a8dee2b85372",
    "Length": 4122
  },
  {
    "ShortPath": "l2/wcInputNumber.html",
    "versionRef": "c6cfe3823b5ed3945cadb362d9d4a8dee2b85372",
    "Length": 176
  },
  {
    "ShortPath": "l2/wcInputNumber.ts",
    "versionRef": "c6cfe3823b5ed3945cadb362d9d4a8dee2b85372",
    "Length": 3611
  },
  {
    "ShortPath": "l2/wcInputNumberRange.html",
    "versionRef": "c6cfe3823b5ed3945cadb362d9d4a8dee2b85372",
    "Length": 135
  },
  {
    "ShortPath": "l2/wcInputNumberRange.ts",
    "versionRef": "c6cfe3823b5ed3945cadb362d9d4a8dee2b85372",
    "Length": 4456
  },
  {
    "ShortPath": "l2/wcInputNumberWithButtons.html",
    "versionRef": "c6cfe3823b5ed3945cadb362d9d4a8dee2b85372",
    "Length": 149
  },
  {
    "ShortPath": "l2/wcInputNumberWithButtons.ts",
    "versionRef": "c6cfe3823b5ed3945cadb362d9d4a8dee2b85372",
    "Length": 4897
  },
  {
    "ShortPath": "l2/wcInputText.html",
    "versionRef": "c6cfe3823b5ed3945cadb362d9d4a8dee2b85372",
    "Length": 116
  },
  {
    "ShortPath": "l2/wcInputText.ts",
    "versionRef": "c6cfe3823b5ed3945cadb362d9d4a8dee2b85372",
    "Length": 3435
  },
  {
    "ShortPath": "l2/wcRow.html",
    "versionRef": "c6cfe3823b5ed3945cadb362d9d4a8dee2b85372",
    "Length": 22
  },
  {
    "ShortPath": "l2/wcRow.ts",
    "versionRef": "c6cfe3823b5ed3945cadb362d9d4a8dee2b85372",
    "Length": 767
  },
  {
    "ShortPath": "l2/wcSelectOne.html",
    "versionRef": "c6cfe3823b5ed3945cadb362d9d4a8dee2b85372",
    "Length": 251
  },
  {
    "ShortPath": "l2/wcSelectOne.ts",
    "versionRef": "c6cfe3823b5ed3945cadb362d9d4a8dee2b85372",
    "Length": 2214
  },
  {
    "ShortPath": "l2/wcdToolbox.html",
    "versionRef": "c6cfe3823b5ed3945cadb362d9d4a8dee2b85372",
    "Length": 353
  },
  {
    "ShortPath": "l2/wcdToolbox.ts",
    "versionRef": "c6cfe3823b5ed3945cadb362d9d4a8dee2b85372",
    "Length": 26574
  },
  {
    "ShortPath": "l2/wcdToolboxItemActionEditQuill.html",
    "versionRef": "c6cfe3823b5ed3945cadb362d9d4a8dee2b85372",
    "Length": 142
  },
  {
    "ShortPath": "l2/wcdToolboxItemActionEditQuill.ts",
    "versionRef": "c6cfe3823b5ed3945cadb362d9d4a8dee2b85372",
    "Length": 56441
  },
  {
    "ShortPath": "l2/wcdToolboxItemActionGroup.html",
    "versionRef": "c6cfe3823b5ed3945cadb362d9d4a8dee2b85372",
    "Length": 42
  },
  {
    "ShortPath": "l2/wcdToolboxItemActionGroup.ts",
    "versionRef": "c6cfe3823b5ed3945cadb362d9d4a8dee2b85372",
    "Length": 4850
  },
  {
    "ShortPath": "l2/wcdToolboxItemActionMargin.html",
    "versionRef": "c6cfe3823b5ed3945cadb362d9d4a8dee2b85372",
    "Length": 43
  },
  {
    "ShortPath": "l2/wcdToolboxItemActionMargin.ts",
    "versionRef": "c6cfe3823b5ed3945cadb362d9d4a8dee2b85372",
    "Length": 12691
  },
  {
    "ShortPath": "l2/wcdToolboxItemActionMenu.html",
    "versionRef": "c6cfe3823b5ed3945cadb362d9d4a8dee2b85372",
    "Length": 1
  },
  {
    "ShortPath": "l2/wcdToolboxItemActionMenu.ts",
    "versionRef": "c6cfe3823b5ed3945cadb362d9d4a8dee2b85372",
    "Length": 6038
  },
  {
    "ShortPath": "l2/wcdToolboxItemActionMove.html",
    "versionRef": "c6cfe3823b5ed3945cadb362d9d4a8dee2b85372",
    "Length": 1316
  },
  {
    "ShortPath": "l2/wcdToolboxItemActionMove.ts",
    "versionRef": "c6cfe3823b5ed3945cadb362d9d4a8dee2b85372",
    "Length": 11026
  },
  {
    "ShortPath": "l2/wcdToolboxItemActionPadding.html",
    "versionRef": "c6cfe3823b5ed3945cadb362d9d4a8dee2b85372",
    "Length": 114
  },
  {
    "ShortPath": "l2/wcdToolboxItemActionPadding.ts",
    "versionRef": "c6cfe3823b5ed3945cadb362d9d4a8dee2b85372",
    "Length": 12958
  },
  {
    "ShortPath": "l2/wcdToolboxItemActionSize.html",
    "versionRef": "c6cfe3823b5ed3945cadb362d9d4a8dee2b85372",
    "Length": 114
  },
  {
    "ShortPath": "l2/wcdToolboxItemActionSize.ts",
    "versionRef": "c6cfe3823b5ed3945cadb362d9d4a8dee2b85372",
    "Length": 10378
  }
]